experience_id,experience_type,branch,company,role,compensation,job_description,students_recruited,academic_profile,projects,eligibility,selection_procedure,test_description,test_preparation,interview_experience,important_topics,preparation_start,resources,last_minute_preparation,junior_advice,document_text
P001,Placement,Electronics and Communication Engineering,Wells Fargo,Program associate,24lpa,,7,"I have 7.8 CGPA, my major skills are Python scripting, Machine Learning, Oops
I did a project related to ML, and another one was a web app using Flask.",,"Eligible branches: CSE, ECE, Electrical
Criteria: CGPA>7.5 which was later reduced to 7.",Resume shortlisting (based on CGPA mostly)>technical test>technical interview>managerial interview,"-After the shortlisting there was a technical test conducted on SHL platform, it consisted of 2 parts
In first one there were MCQs related to Finance and Data interpretation 
the second part had two programming problems.
Both part had different time constraint.","Basic aptitude knowledge and some practice on extracting required data from bar graphs and charts will help.
There are many such test which we can find on Google.
I can say level of questions in most of these tests is lower then what LRDI in CAT has, so if someone has attempted those then you are fine","My interview was mostly based on my resume, projects,tech and languages I mentioned. 
Interviewer just wanted to check that what I mentioned in the resume is true or not.
So be thorough with your resume, don't unnecessarily stretch your resume by adding useless things.
Also being confident and calm is necessary.
So try to be honest and don't mention some technology you are not aware of just to blabber","Standard DSA, OOPS, OS, DBMS are necessary.
You should be well versed in one of the programming language of your choice.
Try to explore various libraries related to that language","I tried to be consistent with CP from 1st year of the college, other than that I started from ending of the second year.",,,"For 1st year students, try and enjoy the college life at fullest. Try and explore everything that you find interesting
For 2nd yearites, start exploring various technologies and stick with the one you find suitable.
For 3rd year students, brush up your aptitude and problem solving skills as they will help in most of the placement drives.","Experience type:
Placement

Branch:
Electronics and Communication Engineering

Company:
Wells Fargo

Role:
Program associate

Compensation:
24lpa

Students recruited:
7

Academic profile:
I have 7.8 CGPA, my major skills are Python scripting, Machine Learning, Oops
I did a project related to ML, and another one was a web app using Flask.

Eligibility:
Eligible branches: CSE, ECE, Electrical
Criteria: CGPA>7.5 which was later reduced to 7.

Selection procedure:
Resume shortlisting (based on CGPA mostly)>technical test>technical interview>managerial interview

Test description:
-After the shortlisting there was a technical test conducted on SHL platform, it consisted of 2 parts
In first one there were MCQs related to Finance and Data interpretation 
the second part had two programming problems.
Both part had different time constraint.

Test preparation:
Basic aptitude knowledge and some practice on extracting required data from bar graphs and charts will help.
There are many such test which we can find on Google.
I can say level of questions in most of these tests is lower then what LRDI in CAT has, so if someone has attempted those then you are fine

Interview experience:
My interview was mostly based on my resume, projects,tech and languages I mentioned. 
Interviewer just wanted to check that what I mentioned in the resume is true or not.
So be thorough with your resume, don't unnecessarily stretch your resume by adding useless things.
Also being confident and calm is necessary.
So try to be honest and don't mention some technology you are not aware of just to blabber

Important topics:
Standard DSA, OOPS, OS, DBMS are necessary.
You should be well versed in one of the programming language of your choice.
Try to explore various libraries related to that language

Preparation started:
I tried to be consistent with CP from 1st year of the college, other than that I started from ending of the second year.

Advice for juniors:
For 1st year students, try and enjoy the college life at fullest. Try and explore everything that you find interesting
For 2nd yearites, start exploring various technologies and stick with the one you find suitable.
For 3rd year students, brush up your aptitude and problem solving skills as they will help in most of the placement drives."
P002,Placement,Computer Science and Engineering,Avalara,Software engineer,20 LPA,,2,"CGPA - 7.42
Technical skills: C/C++, Typescript, MERN stack","Main project I had was X-Wire, which was a visual-programming tool. I started working on that in the 5th semester.","Eligible branches: CSE, ECE, Electrical
Criteria: 7 CGPA, CSE, ECE and EE","There was an initial coding round on hackerRank, followed by two interview rounds.","It has three questions. Easy, medium, hard respectively.",,"In the first round i was asked two medium level DSA questions and some discussion over my projects and core subjects like CPP, OOPs and OS.
In the second round 2 DSA questions were asked and followed by OOPs concepts and puzzles","DSA, OOPs, OS,",5th sem,,,,"Experience type:
Placement

Branch:
Computer Science and Engineering

Company:
Avalara

Role:
Software engineer

Compensation:
20 LPA

Students recruited:
2

Academic profile:
CGPA - 7.42
Technical skills: C/C++, Typescript, MERN stack

Projects:
Main project I had was X-Wire, which was a visual-programming tool. I started working on that in the 5th semester.

Eligibility:
Eligible branches: CSE, ECE, Electrical
Criteria: 7 CGPA, CSE, ECE and EE

Selection procedure:
There was an initial coding round on hackerRank, followed by two interview rounds.

Test description:
It has three questions. Easy, medium, hard respectively.

Interview experience:
In the first round i was asked two medium level DSA questions and some discussion over my projects and core subjects like CPP, OOPs and OS.
In the second round 2 DSA questions were asked and followed by OOPs concepts and puzzles

Important topics:
DSA, OOPs, OS,

Preparation started:
5th sem"
P003,Placement,Electronics and Communication Engineering,Zomato/Blinkit,Software Development Engineer,56L,,1,"- CGPA: 9.16 (B.Tech in Electronics and Communication Engineering)
- Technical Skills: C, C++, Python, HTML, CSS, JavaScript, ReactJS, EJS, Node.js, Express.js, PostgreSQL, REST API, DSA, OOPS
- Projects:
  - Titanic Survivor Prediction: Built with Random Forest, scored 0.78947 on Kaggle
  - Family Travel Tracker: Web app using Node.js, Express.js, EJS, PostgreSQL
  - Password Manager GUI: Developed with Tkinter, includes auto password generator
- Competitive Coding:
  - LeetCode rating: 1808 (511 problems solved)
  - CodeChef rating: 1623 (3-star, Div 2)
  - Coding Ninjas rating: 2010 (181 problems solved)",,"Eligible branches: CSE, ECE, Electrical, Chemical, Civil, Mechanical
Criteria: CGPA of 7+",First we had to give an Online Assessment followed by 3 interview rounds(2 technical + 1 HR round),"First was an Online Assessment that contained MCQs related to CS fundamentals and concepts along with 3 coding questions. The OA was conducted in offline mode on campus.
There were 3 interview rounds.",Solve the problems from the Striver DSA Sheet. Try to attempt the daily questions and contests that happen on LeetCode on a regular basis.,There were 3 interview rounds. In the technical rounds I was asked questions about my project and then DSA questions were also asked(1 in the first round and 2 in the second round).  The HR round involved question as to why you want to join the company and other behavioural questions.,"CS Fundamentals, DSA problems and everything about your project.",4th Semester,,,"1st years should try to learn what they are being taught and enjoy college life.
2nd years should start learning a coding language and also start doing coding questions on any platform
3rd years should start learning some kind of development(web, app or ml) and build some projects.","Experience type:
Placement

Branch:
Electronics and Communication Engineering

Company:
Zomato/Blinkit

Role:
Software Development Engineer

Compensation:
56L

Students recruited:
1

Academic profile:
- CGPA: 9.16 (B.Tech in Electronics and Communication Engineering)
- Technical Skills: C, C++, Python, HTML, CSS, JavaScript, ReactJS, EJS, Node.js, Express.js, PostgreSQL, REST API, DSA, OOPS
- Projects:
  - Titanic Survivor Prediction: Built with Random Forest, scored 0.78947 on Kaggle
  - Family Travel Tracker: Web app using Node.js, Express.js, EJS, PostgreSQL
  - Password Manager GUI: Developed with Tkinter, includes auto password generator
- Competitive Coding:
  - LeetCode rating: 1808 (511 problems solved)
  - CodeChef rating: 1623 (3-star, Div 2)
  - Coding Ninjas rating: 2010 (181 problems solved)

Eligibility:
Eligible branches: CSE, ECE, Electrical, Chemical, Civil, Mechanical
Criteria: CGPA of 7+

Selection procedure:
First we had to give an Online Assessment followed by 3 interview rounds(2 technical + 1 HR round)

Test description:
First was an Online Assessment that contained MCQs related to CS fundamentals and concepts along with 3 coding questions. The OA was conducted in offline mode on campus.
There were 3 interview rounds.

Test preparation:
Solve the problems from the Striver DSA Sheet. Try to attempt the daily questions and contests that happen on LeetCode on a regular basis.

Interview experience:
There were 3 interview rounds. In the technical rounds I was asked questions about my project and then DSA questions were also asked(1 in the first round and 2 in the second round).  The HR round involved question as to why you want to join the company and other behavioural questions.

Important topics:
CS Fundamentals, DSA problems and everything about your project.

Preparation started:
4th Semester

Advice for juniors:
1st years should try to learn what they are being taught and enjoy college life.
2nd years should start learning a coding language and also start doing coding questions on any platform
3rd years should start learning some kind of development(web, app or ml) and build some projects."
P004,Placement,Mechanical Engineering,Triumph Motorcycles,Graduate Engineer Trainee,12.5 Lpa,,3,"CGPA- 7.49 (till 6th Sem)
Work Experience -
Summer Intern- IIT Kanpur 2023, Worked on Alternate Biofuel Combustion Characteristics for Jet fuel blending 
Winter Intern - IOCL Refinery Guwahati 2023, Studied the mechanical engineering aspects of Thermal Power Stations and Gas compressor units
Summer Intern - BIS Guwahati Branch 2024, Established the KPIs and Measurement Uncertainty of Testing processes in the Laboratory section
Technical Societies - Part of the SAE team and CAM Society of Mechanical Engineering department of the college","I did a minor project on building a commodity dispensing system as part of my course curriculum. At IIT Kanpur I worked primarily consisted of analyzing droplet breakup phenomenon under the application of a shock wave, it was a project which my guide was working upon. At BIS, the project was assigned to me by the officer In-charge, so I had to study the requirements from the beginning and had to take references from various laboratory licensing organisations.","Eligible branches: Mechanical
Criteria: ELIGIBILITY CRITERIA 1.Course: B.Tech 2.Branch: Mechanical 3.CGPA: 7 or above 4.Any other requirements: There should not be a loss of academic year during B.Tech course.","The selection process consisted of basically two rounds. First was a Spatial ability test, followed by the second round which was the face to face interview.","The first round consisted of a spatial ability test. This test was a Spatial Ability test and measured your ability to work with 3D models. Revision for this test was not required, as the test measured your existing aptitude of this skillset. Based on the performance in the SAT, shortlisting was done for the second round i.e. the face to face interview.",I did not practice for the test but many online resources are also present in case anyone wants to practice.,It was a rigorous interview to be honest. The interviewer panel consisted of two engineering heads and one marketing head(who was also an engineer by qualifications) of the organization. It began with introductions followed by shifting the focus to the designing and manufacturing aspects of the motorcycle components. During the interview my ability to think creatively and critical were assesed by them and also how I acted in pressure situations. The questions asked by them were in depth and they expected you have a feel for the motorcycle. It lasted for 50 minutes if not more I believe.,"For my recruitment process, the core mechanical engineering subjects of Solid Mechanics, Design of Machine Elements, Heat transfer and Casting Forming Welding were essential.",I did not prepare specifically for placements to be honest. I was exploring my options with higher studies.,,,"1.Stay focused 2.Stay away from addictions( I know that sounds cliched but I will still say that) 3. Be active in extra curriculars but not at the cost of your studies. 4. Be humble 5. Build good connections with your friends, alumni, seniors and your teachers.","Experience type:
Placement

Branch:
Mechanical Engineering

Company:
Triumph Motorcycles

Role:
Graduate Engineer Trainee

Compensation:
12.5 Lpa

Students recruited:
3

Academic profile:
CGPA- 7.49 (till 6th Sem)
Work Experience -
Summer Intern- IIT Kanpur 2023, Worked on Alternate Biofuel Combustion Characteristics for Jet fuel blending 
Winter Intern - IOCL Refinery Guwahati 2023, Studied the mechanical engineering aspects of Thermal Power Stations and Gas compressor units
Summer Intern - BIS Guwahati Branch 2024, Established the KPIs and Measurement Uncertainty of Testing processes in the Laboratory section
Technical Societies - Part of the SAE team and CAM Society of Mechanical Engineering department of the college

Projects:
I did a minor project on building a commodity dispensing system as part of my course curriculum. At IIT Kanpur I worked primarily consisted of analyzing droplet breakup phenomenon under the application of a shock wave, it was a project which my guide was working upon. At BIS, the project was assigned to me by the officer In-charge, so I had to study the requirements from the beginning and had to take references from various laboratory licensing organisations.

Eligibility:
Eligible branches: Mechanical
Criteria: ELIGIBILITY CRITERIA 1.Course: B.Tech 2.Branch: Mechanical 3.CGPA: 7 or above 4.Any other requirements: There should not be a loss of academic year during B.Tech course.

Selection procedure:
The selection process consisted of basically two rounds. First was a Spatial ability test, followed by the second round which was the face to face interview.

Test description:
The first round consisted of a spatial ability test. This test was a Spatial Ability test and measured your ability to work with 3D models. Revision for this test was not required, as the test measured your existing aptitude of this skillset. Based on the performance in the SAT, shortlisting was done for the second round i.e. the face to face interview.

Test preparation:
I did not practice for the test but many online resources are also present in case anyone wants to practice.

Interview experience:
It was a rigorous interview to be honest. The interviewer panel consisted of two engineering heads and one marketing head(who was also an engineer by qualifications) of the organization. It began with introductions followed by shifting the focus to the designing and manufacturing aspects of the motorcycle components. During the interview my ability to think creatively and critical were assesed by them and also how I acted in pressure situations. The questions asked by them were in depth and they expected you have a feel for the motorcycle. It lasted for 50 minutes if not more I believe.

Important topics:
For my recruitment process, the core mechanical engineering subjects of Solid Mechanics, Design of Machine Elements, Heat transfer and Casting Forming Welding were essential.

Preparation started:
I did not prepare specifically for placements to be honest. I was exploring my options with higher studies.

Advice for juniors:
1.Stay focused 2.Stay away from addictions( I know that sounds cliched but I will still say that) 3. Be active in extra curriculars but not at the cost of your studies. 4. Be humble 5. Build good connections with your friends, alumni, seniors and your teachers."
P005,Placement,Electronics and Communication Engineering,Wells Fargo,Technical Program Associate,24 LPA,,2,"I have a CGPA of 8.11 and completed a summer internship as a Digital Design Intern at Texas Instruments. My projects include channel estimation of IRS surfaces using deep residual learning under Dr. Kuldeep Singh (ECE), and I also worked on hyperspectral image classification and conversion for ISRO-SAC's space challenge. I am proficient in C, C++, Python, and DSA (nearly 500 questions solved by third year), with strong competencies in OS, Computer Architecture, and SQL (DBMS).","At the beginning of my third year, I developed a strong interest in AI and began exploring the field through self-study. I completed Andrew Ng’s Deep Learning course on Coursera, watched ML/DL tutorials from CampusX on YouTube, and built a few small projects to gain confidence. This prepared me to start research work under a professor in the ECE department, as previously mentioned.","Eligible branches: CSE, ECE, Electrical
Criteria: 7.5 and above CGPA with no active and Passive backlogs","Initial CV/cg shortlisting for the online test, followed by online test, 2 technical and 1 HR round","The test consisted of Aptitude/ Quant, english MCQs followed by 2 DSA questions","For DSA, focus on standard LeetCode medium problems. For other sections, I didn't prepare explicitly but recommend Indiabix for English aptitude and quant, Codehelp (Luv Babbar) for mock tests, and GeeksforGeeks archives for additional practice.","The interview process consisted of two technical rounds and one HR round.  

First Technical Round:
The first 10-15 minutes focused on my summer internship, as the interviewer was curious about my transition from the semiconductor field to tech. DSA questions followed, including variations of the ""Valid Parentheses"" problem (e.g., generating and finding the length of the longest valid parentheses). Then, I was asked 2-3 ML questions related to my deep learning project. This was followed by data and SQL questions based on my internship experience, as well as basic SQL concepts like views and joins.  

Second Technical Round:
It started with a brief discussion about my summer internship. I was then asked to write code to print a triangular wave, followed by questions on memory allocation, pointers, and OOP concepts in C++.  

HR Round:
This round primarily revolved around my summer internship, exploring why I wanted to transition to tech and how my TI experience could benefit Wells Fargo. Behavioral questions included managing teams, handling pressure, and maintaining work ethics within Wells Fargo’s culture. The discussion ended on an informal note about the interviewer’s experiences in Jaipur, including its food, people, and culture.","DSA, one of the object oriented languages (C++/Java) very well in depth, and in depth understanding of everything  you have mentioned in your CV.",Starting of 2nd year.,,,"For 1st Year Students:
Explore everything and gain clarity on what you want to pursue. Start learning a programming language, get familiar with coding, and enjoy the process and college life. Maintain a CGPA above 8+ (it’s manageable and will benefit you in the long run). Remember, CGPA matters in almost every aspect of your career.  

For 2nd Year Students:
Start early—devote 1.5-2 hours daily to DSA, but balance it with other enjoyable activities. Consistency will likely help you land a summer internship by the beginning of your 3rd year.  

For 3rd Year Students: 
Focus on core CS fundamentals and projects while continuing with DSA. Don’t stress if you’re not clearing OA’s or interviews. Stay confident and consistent—success will follow.","Experience type:
Placement

Branch:
Electronics and Communication Engineering

Company:
Wells Fargo

Role:
Technical Program Associate

Compensation:
24 LPA

Students recruited:
2

Academic profile:
I have a CGPA of 8.11 and completed a summer internship as a Digital Design Intern at Texas Instruments. My projects include channel estimation of IRS surfaces using deep residual learning under Dr. Kuldeep Singh (ECE), and I also worked on hyperspectral image classification and conversion for ISRO-SAC's space challenge. I am proficient in C, C++, Python, and DSA (nearly 500 questions solved by third year), with strong competencies in OS, Computer Architecture, and SQL (DBMS).

Projects:
At the beginning of my third year, I developed a strong interest in AI and began exploring the field through self-study. I completed Andrew Ng’s Deep Learning course on Coursera, watched ML/DL tutorials from CampusX on YouTube, and built a few small projects to gain confidence. This prepared me to start research work under a professor in the ECE department, as previously mentioned.

Eligibility:
Eligible branches: CSE, ECE, Electrical
Criteria: 7.5 and above CGPA with no active and Passive backlogs

Selection procedure:
Initial CV/cg shortlisting for the online test, followed by online test, 2 technical and 1 HR round

Test description:
The test consisted of Aptitude/ Quant, english MCQs followed by 2 DSA questions

Test preparation:
For DSA, focus on standard LeetCode medium problems. For other sections, I didn't prepare explicitly but recommend Indiabix for English aptitude and quant, Codehelp (Luv Babbar) for mock tests, and GeeksforGeeks archives for additional practice.

Interview experience:
The interview process consisted of two technical rounds and one HR round.  

First Technical Round:
The first 10-15 minutes focused on my summer internship, as the interviewer was curious about my transition from the semiconductor field to tech. DSA questions followed, including variations of the ""Valid Parentheses"" problem (e.g., generating and finding the length of the longest valid parentheses). Then, I was asked 2-3 ML questions related to my deep learning project. This was followed by data and SQL questions based on my internship experience, as well as basic SQL concepts like views and joins.  

Second Technical Round:
It started with a brief discussion about my summer internship. I was then asked to write code to print a triangular wave, followed by questions on memory allocation, pointers, and OOP concepts in C++.  

HR Round:
This round primarily revolved around my summer internship, exploring why I wanted to transition to tech and how my TI experience could benefit Wells Fargo. Behavioral questions included managing teams, handling pressure, and maintaining work ethics within Wells Fargo’s culture. The discussion ended on an informal note about the interviewer’s experiences in Jaipur, including its food, people, and culture.

Important topics:
DSA, one of the object oriented languages (C++/Java) very well in depth, and in depth understanding of everything  you have mentioned in your CV.

Preparation started:
Starting of 2nd year.

Advice for juniors:
For 1st Year Students:
Explore everything and gain clarity on what you want to pursue. Start learning a programming language, get familiar with coding, and enjoy the process and college life. Maintain a CGPA above 8+ (it’s manageable and will benefit you in the long run). Remember, CGPA matters in almost every aspect of your career.  

For 2nd Year Students:
Start early—devote 1.5-2 hours daily to DSA, but balance it with other enjoyable activities. Consistency will likely help you land a summer internship by the beginning of your 3rd year.  

For 3rd Year Students: 
Focus on core CS fundamentals and projects while continuing with DSA. Don’t stress if you’re not clearing OA’s or interviews. Stay confident and consistent—success will follow."
P006,Placement,Mechanical Engineering,Maruti Suzuki,Graduate Engineer Trainee( GET),"7,75,000+ AVPR",,5,"1.My CGPA is 7.78

2. Prior Work Experience

Summer Internship at SSPL DRDO, Delhi: Designed and developed a 10 mK dilution refrigerator. Had practical experience in cryogenics, refrigeration systems, and scientific instrumentation.

 Summer Intern at Indian Railways (Jhansi Wagon Repair Workshop): Gained practical knowledge of wagon repair processes, maintenance, and engineering standards.


3. Workshop Experience

Conducted multiple Inventor and  AutoCAD Workshops for students. Focus areas were design techniques and computer-aided engineering tools.

4. Projects

1. Design and Development of a 10 milli kelvin Dilution refrigerator : It involved creating an ultra-low-temperature system using advanced cryogenic principles for scientific research applications.
2. Walmart Sales Data Analysis (SQL Project): Analysis of Walmart's sales data with SQL that identified high-performance products and branches, studies on customer behavior, and optimal sales strategies.
 
5. Technical Skills

Programming languages: SQL, Python 
Engineering tools: AutoCAD, MATLAB, Inventor, Fusion 360, Abaqus CAE.
Data Analysis tool: MS Excel , Power BI.
Operations Management: Supply Chain optimization, inventory control simulation software tools
Soft Skills: Leadership, effective communication and problem solving.",,"Eligible branches: Mechanical
Criteria: 1.  CGPA of 6.5 or 65% with no pending backlogs. 2. Must not be color blind and must maintain a BMI of 18-30 3. Only full-time and regular education (10th/12th/Diploma/B.Tech.)  4. The candidate can be placed anywhere, location- Pan India/","First there was a shortlisting round based on resume. 
Then they conducted a technical + aptitude test which was a 3 hour test.
Next were the face to face interview which included the HR round as well. The interview starts with a 3 slide presentation about yourself.","The test consisted of basic mechanical core question on topic like a Strength of Material, Design of machine, Heat transfer, Thermodynamics, Fluid Mechanics, Automobile. The questions were now very hard.
It also consisted of an aptitude section which had  arrangement, matrix type questions.",You should brush up all the subjects of Mechanical Engineering and practise aptitude questions on daily basis.,"My interview experience was quite engaging and friendly. At first they asked me present my presentation about myself. It consisted of a slide on my accomplishments and how was i different from others. You have 5 minutes to present it. Then they would question you on the slides, your internship experience and projects. 
They asked me technical questions on my favourite subject(automobile and thermodynamics).
Next they asked me about my family and if I was comfortable working PAN India.
Atlast they even ask you if you have any questions for them.","Automobile, Strength of Materials, Thermodynamics, Design of Machines.",I was exploring for higher studies but I started considering placements after august 2024.,,,"If you are in 1st, 2nd year then keep on  exploring, focus on building a strong foundation in core subjects.Participate in extracurricular activities, clubs, or technical societies to develop communication and soft skills.
For 3rd year:  Build a strong project portfolio, prepare a strong resume and a LinkedIn profile, highlighting your projects, internships, and technical skills.
Build strong connections with your friends, seniors and enjoy your college life.","Experience type:
Placement

Branch:
Mechanical Engineering

Company:
Maruti Suzuki

Role:
Graduate Engineer Trainee( GET)

Compensation:
7,75,000+ AVPR

Students recruited:
5

Academic profile:
1.My CGPA is 7.78

2. Prior Work Experience

Summer Internship at SSPL DRDO, Delhi: Designed and developed a 10 mK dilution refrigerator. Had practical experience in cryogenics, refrigeration systems, and scientific instrumentation.

 Summer Intern at Indian Railways (Jhansi Wagon Repair Workshop): Gained practical knowledge of wagon repair processes, maintenance, and engineering standards.


3. Workshop Experience

Conducted multiple Inventor and  AutoCAD Workshops for students. Focus areas were design techniques and computer-aided engineering tools.

4. Projects

1. Design and Development of a 10 milli kelvin Dilution refrigerator : It involved creating an ultra-low-temperature system using advanced cryogenic principles for scientific research applications.
2. Walmart Sales Data Analysis (SQL Project): Analysis of Walmart's sales data with SQL that identified high-performance products and branches, studies on customer behavior, and optimal sales strategies.
 
5. Technical Skills

Programming languages: SQL, Python 
Engineering tools: AutoCAD, MATLAB, Inventor, Fusion 360, Abaqus CAE.
Data Analysis tool: MS Excel , Power BI.
Operations Management: Supply Chain optimization, inventory control simulation software tools
Soft Skills: Leadership, effective communication and problem solving.

Eligibility:
Eligible branches: Mechanical
Criteria: 1.  CGPA of 6.5 or 65% with no pending backlogs. 2. Must not be color blind and must maintain a BMI of 18-30 3. Only full-time and regular education (10th/12th/Diploma/B.Tech.)  4. The candidate can be placed anywhere, location- Pan India/

Selection procedure:
First there was a shortlisting round based on resume. 
Then they conducted a technical + aptitude test which was a 3 hour test.
Next were the face to face interview which included the HR round as well. The interview starts with a 3 slide presentation about yourself.

Test description:
The test consisted of basic mechanical core question on topic like a Strength of Material, Design of machine, Heat transfer, Thermodynamics, Fluid Mechanics, Automobile. The questions were now very hard.
It also consisted of an aptitude section which had  arrangement, matrix type questions.

Test preparation:
You should brush up all the subjects of Mechanical Engineering and practise aptitude questions on daily basis.

Interview experience:
My interview experience was quite engaging and friendly. At first they asked me present my presentation about myself. It consisted of a slide on my accomplishments and how was i different from others. You have 5 minutes to present it. Then they would question you on the slides, your internship experience and projects. 
They asked me technical questions on my favourite subject(automobile and thermodynamics).
Next they asked me about my family and if I was comfortable working PAN India.
Atlast they even ask you if you have any questions for them.

Important topics:
Automobile, Strength of Materials, Thermodynamics, Design of Machines.

Preparation started:
I was exploring for higher studies but I started considering placements after august 2024.

Advice for juniors:
If you are in 1st, 2nd year then keep on  exploring, focus on building a strong foundation in core subjects.Participate in extracurricular activities, clubs, or technical societies to develop communication and soft skills.
For 3rd year:  Build a strong project portfolio, prepare a strong resume and a LinkedIn profile, highlighting your projects, internships, and technical skills.
Build strong connections with your friends, seniors and enjoy your college life."
P007,Placement,Mechanical Engineering,Energy Exemplar,Associate Energy Market Analyst,11 LPA,,"8 students; 4 from Computer Science, 3 from Mechanical and 1 from Electrical","1) CGPA : 8.08 till 6th sem
2) I did my summer internship in Maruti Suzuki India Limited, Gurugram Plant in assembly shop-1.
3) I also completed a project on financial analysis of Tesla using Discounted Cash Flow Model.
4) I took up courses of Finance for Beginners and Python in Data Analytics.
5) Technical Skills: MS Excel, Python, PowerBI","1) My internship in MSIL was an off-campus opportunity. I was placed in Assembly shop-1 where i did a project of Line study and Material Plotting on Line-1 
2) My projects were chosen by me due to my interest in finance during my second year and I took courses on coursera to aid my interest.
3) I took up python to help me study for a data analytics course i took up in second year and i  completed an observatory project in python.
4) I completed my most projects at the end of my third year and start of fourth year due to being busy in BLITZSCHLAG'24","Eligible branches: CSE, Electrical, Mechanical
Criteria: CGPA criteria: 7 and above","There were 4 rounds in total which included an aptitude test and 3 round of interviews.
The test was an aptitude test and interviews were mostly based out of my resume.","There was only a single aptitude test which contained Numerical reasoning, Language Interpretation and basic mathematics",You can prepare for the test by solving aptitude questions of different kinds online.,"There were 3 rounds of Interviews.
1) First round consisted of Resume Based Interview. The interview consisted of interviewing about financial statements, discussion about my finance projects and my project in Python. They also asked me some questions related to core such as my favourite subjects and 2 questions on that subject. 
2) My second round of Interview was with VP of the company. He asked me some basic questions of statistics such as difference between variance and standard deviation, etc. He also asked about some basic electrical terms such as resistance, transformer and their explanation
3) My third round was an HR round which consisted of standard HR questions such as why this company?, would you be happy to be handling data while you had your internship in core?, etc.","Aptitude and Logical reasoning are important in every company recruiting from our campus.
Try to learn Python and MS Excel if you are interested in Data Analytics",During the start of my 4th year,,,"For First and Second Yearites, Try to take part in as many co-curricular activities as it will enhance your soft skills and people management skills, try to keep your academics stable 
For 3rd yearites, be in contact with seniors and try to extract as much from them about relevant courses and skills 
Placements and internship has a major factor of luck in it. So don't stress out if you are not getting it immediately:)","Experience type:
Placement

Branch:
Mechanical Engineering

Company:
Energy Exemplar

Role:
Associate Energy Market Analyst

Compensation:
11 LPA

Students recruited:
8 students; 4 from Computer Science, 3 from Mechanical and 1 from Electrical

Academic profile:
1) CGPA : 8.08 till 6th sem
2) I did my summer internship in Maruti Suzuki India Limited, Gurugram Plant in assembly shop-1.
3) I also completed a project on financial analysis of Tesla using Discounted Cash Flow Model.
4) I took up courses of Finance for Beginners and Python in Data Analytics.
5) Technical Skills: MS Excel, Python, PowerBI

Projects:
1) My internship in MSIL was an off-campus opportunity. I was placed in Assembly shop-1 where i did a project of Line study and Material Plotting on Line-1 
2) My projects were chosen by me due to my interest in finance during my second year and I took courses on coursera to aid my interest.
3) I took up python to help me study for a data analytics course i took up in second year and i  completed an observatory project in python.
4) I completed my most projects at the end of my third year and start of fourth year due to being busy in BLITZSCHLAG'24

Eligibility:
Eligible branches: CSE, Electrical, Mechanical
Criteria: CGPA criteria: 7 and above

Selection procedure:
There were 4 rounds in total which included an aptitude test and 3 round of interviews.
The test was an aptitude test and interviews were mostly based out of my resume.

Test description:
There was only a single aptitude test which contained Numerical reasoning, Language Interpretation and basic mathematics

Test preparation:
You can prepare for the test by solving aptitude questions of different kinds online.

Interview experience:
There were 3 rounds of Interviews.
1) First round consisted of Resume Based Interview. The interview consisted of interviewing about financial statements, discussion about my finance projects and my project in Python. They also asked me some questions related to core such as my favourite subjects and 2 questions on that subject. 
2) My second round of Interview was with VP of the company. He asked me some basic questions of statistics such as difference between variance and standard deviation, etc. He also asked about some basic electrical terms such as resistance, transformer and their explanation
3) My third round was an HR round which consisted of standard HR questions such as why this company?, would you be happy to be handling data while you had your internship in core?, etc.

Important topics:
Aptitude and Logical reasoning are important in every company recruiting from our campus.
Try to learn Python and MS Excel if you are interested in Data Analytics

Preparation started:
During the start of my 4th year

Advice for juniors:
For First and Second Yearites, Try to take part in as many co-curricular activities as it will enhance your soft skills and people management skills, try to keep your academics stable 
For 3rd yearites, be in contact with seniors and try to extract as much from them about relevant courses and skills 
Placements and internship has a major factor of luck in it. So don't stress out if you are not getting it immediately:)"
P008,Placement,Electronics and Communication Engineering,Deutsche Bank,Graduate Analyst(SDE),21.7 Lakh,,4,"CGPA: 8.13
CodeChef Rating: 1705

Work Experience:
I worked as a Teaching Assistant at Coding Ninjas during my 2nd Year and Worked as Data Analytics Intern at a Startup Called Dhanaay.

Technical Skills:
In The Field of Web Development, I have good expertise in Javascript and MERN Stack and in the Data Science Field I am proficient in Python and ML Libraries such as Tensorflow and Scikit Learn. I also have good working knowledge of C++ which was also the language with  which I solved most of my DSA.","I had mentioned 2 projects in my Resume, first based on Machine Learning and other on Web Development. Don't keep your both projects of ML because incase you get a interviewer who does not know ML. Your project does not hold any value because he won't be able to understand it.

 -> Emotion Detection Model Built using Python, TensorFlow, ResNet50v2, VGG16, OpenCV
 Achieved a 76% overall accuracy on emotion classification, with the final model based on ResNet50v2, detailed through precision, recall, and F1-scores across 7 emotion labels.

->  InstaBook built using  ReactJS, NodeJS, ExpressJS, Google Maps Geocoding API
 •A full stack web application enabling users to upload and share pictures of different places using React.js for the frontend and Node.js/Express for the backend.","Eligible branches: CSE, ECE, Electrical
Criteria: CGPA must be greater than 7 and No Active Backlogs",The Company first conducted a Coding Test on the HackerEarth Platform which had 3 coding questions. After that there were 4 rounds of interview- 1st and 2nd Round were technical and 3rd was Culture Fit Round and 4th was the HR interview.,The Test had 3 Coding Questions and duration was 90 minutes The First One was a easy question based on Graph Coloring. The 2nd Question was of medium level based on Arrays and The 3rd Problem was also a medium level question based on bit manipulation.,"Unlike interviews, in the coding test the Company does not ask standard DSA Questions from Striver Sheet. So your concepts behind all the data structures like arrays, strings and graphs should be clear.

When solving questions, use a Timer to track the amount of time you take to solve the questions and slowly try to reduce the time you take for questions. This is important because both in Coding tests and interviews you have to solve question in a timed format and If you have a habit of solving questions untimed, you won't be able to manage your time in test efficiently.","The 1st Round was Technical Round where my interviewer first discussed CS subjects like Operating Systems and Computer Networking. After That He gave me 1 puzzle , asked me about SDLC and some basic coding questions like how to swap two numbers without using temp variable. Then He asked me about my internship and the work I did during my internship.

The 2nd Round was DSA Round where my interviewer First asked me to explain my ML Project. After that He asked me 3 coding questions, 2 from Dynamic Programming and 1 from Binary Trees. The Questions were standard Medium to Hard Questions from Striver Sheet.","The Company expects that you have good understanding of CS subjects that include Operating Systems, DBMS and Computer Networking. The Interview DSA Questions are heavily focused on Dynamic Programming and Trees. So The Concept behind these data structures should be crystal clear. Also SDLC(Software Development Life Cycle) is one of the concepts that is mentioned in Job Requirements and should be known by the candidate.",I started preparing for the placements during the end of my 2nd year.,,,"-> Don't Grind LeetCode blindly without understanding the underlying concept and pattern behind every question.
-> Focus on The CS Fundamentals and make notes of all 3 subjects which will be helpful before interviews.
->Research the company and always ask unique questions at the end of the interview rather than some basic boring questions like what the company culture is like etc. This makes the interviewer feel that you have really researched the company deeply.","Experience type:
Placement

Branch:
Electronics and Communication Engineering

Company:
Deutsche Bank

Role:
Graduate Analyst(SDE)

Compensation:
21.7 Lakh

Students recruited:
4

Academic profile:
CGPA: 8.13
CodeChef Rating: 1705

Work Experience:
I worked as a Teaching Assistant at Coding Ninjas during my 2nd Year and Worked as Data Analytics Intern at a Startup Called Dhanaay.

Technical Skills:
In The Field of Web Development, I have good expertise in Javascript and MERN Stack and in the Data Science Field I am proficient in Python and ML Libraries such as Tensorflow and Scikit Learn. I also have good working knowledge of C++ which was also the language with  which I solved most of my DSA.

Projects:
I had mentioned 2 projects in my Resume, first based on Machine Learning and other on Web Development. Don't keep your both projects of ML because incase you get a interviewer who does not know ML. Your project does not hold any value because he won't be able to understand it.

 -> Emotion Detection Model Built using Python, TensorFlow, ResNet50v2, VGG16, OpenCV
 Achieved a 76% overall accuracy on emotion classification, with the final model based on ResNet50v2, detailed through precision, recall, and F1-scores across 7 emotion labels.

->  InstaBook built using  ReactJS, NodeJS, ExpressJS, Google Maps Geocoding API
 •A full stack web application enabling users to upload and share pictures of different places using React.js for the frontend and Node.js/Express for the backend.

Eligibility:
Eligible branches: CSE, ECE, Electrical
Criteria: CGPA must be greater than 7 and No Active Backlogs

Selection procedure:
The Company first conducted a Coding Test on the HackerEarth Platform which had 3 coding questions. After that there were 4 rounds of interview- 1st and 2nd Round were technical and 3rd was Culture Fit Round and 4th was the HR interview.

Test description:
The Test had 3 Coding Questions and duration was 90 minutes The First One was a easy question based on Graph Coloring. The 2nd Question was of medium level based on Arrays and The 3rd Problem was also a medium level question based on bit manipulation.

Test preparation:
Unlike interviews, in the coding test the Company does not ask standard DSA Questions from Striver Sheet. So your concepts behind all the data structures like arrays, strings and graphs should be clear.

When solving questions, use a Timer to track the amount of time you take to solve the questions and slowly try to reduce the time you take for questions. This is important because both in Coding tests and interviews you have to solve question in a timed format and If you have a habit of solving questions untimed, you won't be able to manage your time in test efficiently.

Interview experience:
The 1st Round was Technical Round where my interviewer first discussed CS subjects like Operating Systems and Computer Networking. After That He gave me 1 puzzle , asked me about SDLC and some basic coding questions like how to swap two numbers without using temp variable. Then He asked me about my internship and the work I did during my internship.

The 2nd Round was DSA Round where my interviewer First asked me to explain my ML Project. After that He asked me 3 coding questions, 2 from Dynamic Programming and 1 from Binary Trees. The Questions were standard Medium to Hard Questions from Striver Sheet.

Important topics:
The Company expects that you have good understanding of CS subjects that include Operating Systems, DBMS and Computer Networking. The Interview DSA Questions are heavily focused on Dynamic Programming and Trees. So The Concept behind these data structures should be crystal clear. Also SDLC(Software Development Life Cycle) is one of the concepts that is mentioned in Job Requirements and should be known by the candidate.

Preparation started:
I started preparing for the placements during the end of my 2nd year.

Advice for juniors:
-> Don't Grind LeetCode blindly without understanding the underlying concept and pattern behind every question.
-> Focus on The CS Fundamentals and make notes of all 3 subjects which will be helpful before interviews.
->Research the company and always ask unique questions at the end of the interview rather than some basic boring questions like what the company culture is like etc. This makes the interviewer feel that you have really researched the company deeply."
P009,Placement,Civil Engineering,Hindustan Petroleum Corporation Limited (HPCL),Officer - Engineering,"17,37,540 Rs.",,A total of 4 students got selected. 2 from Civil Engineering and 2 from Electrical Engineering.,"CGPA - 9.42 (At the time of recruitment / Till 6th semester)

Work Experience 

1. From May 2023 to June 2023 I worked as a Summer Research Intern at IIT BHU (Varanasi) where I applied AI/ML algorithms in Structural Health Monitoring of Concrete Structures.

2. In May 2024 I did an internship in Krishna Buildestates Private Limited which is a private construction company in Jaipur. To be honest I did this internship because it is compulsory to have an internship in the summer break before final year. Otherwise I would have done a minor project on my own. And my main focus was GATE at that time.

Projects

1. Hydroponics 3D Simulation (Jan 2024 - April 2024)

2. Structural Health Monitoring using YOLOv7 (May 2023 - June 2023)

3. A Fruits Shooting Game (Jan 2023)

Technical Skills

Programming Languages: Python
Softwares: AutoCAD, Revit, StaadPro, Unity Hub, Anaconda 
Database & Analysis Tools: MySQL, Advanced Excel","1. Hydroponics 3D Simulation: A minor project that involved creating a desktop application in Unity 3D using C# scripts, allowing users to simulate and visualize hydroponic setups in a 3D environment. Did it as a part of academics in 6th Semester.

2.  Structural Health Monitoring using YOLOv7: Trained a ML model by employing YOLOv7 algorithm to detect cracks and damages on the surface of concrete structures. Did it as a part of Internship.

3. Fruit Shooting Game: I created this game in class 12th using Python and later improved it in the 4th semester.","Eligible branches: Civil, Electrical
Criteria: (Course: BTech) (Branch: Civil Engineering and Electrical Engineering) (CGPA: For General/EWS/OBC-NCL 6 CGPA, For SC/ST/PwBD 5 CGPA) (Any other requirements: No Active Backlog)","1. Shortlisting on the basis of CGPA and Category
2. Group Task
3. One Round of Personal Interview (Around 20-25 minutes)","1. Shortlisting on the basis of CGPA and Category:
One should be among top three or four students in the particular category in the particular branch i.e. From each category three or four students were shortlisted in the order of their CGPA. A total of 28 students were shortlisted.

2. Group Task: 4 groups were made each having 7 students. A case study was given to each group and the group had to discuss and find out the possible solutions of the statements given in the case study. A final conclusion had to be brought out as a team.

3. Personal Interview: A panel of 5-6 members took the interview. It was a mix of Technical and HR in the same round. The technical questions were related to the internships and projects. And some HR questions were related to the PORs and extracurricular activities mentioned in the resume, about the company, any imaginary scenario or personal background or details.","1. Since the initial shortlisting is on the basis of CGPA, one should have a decent academic record. After the initial shortlisting there is no major role of CGPA.

2. Group Task: Whether one has been a part of too many Group Discussions or only a few, what matters is the relevance of the point, the confidence and how one gives the other members an equal opportuntity to speak. What kind of Case Studies are given in the Group Task of HPCL can be seen on a Youtube Channel - YOURPEDIA. Not compulsory, but using their case studies one can prepare on his own.

3. Personal Interview: Prepare each point of the Resume - Technical or Behavioural. Basic Technical Questions can be prepared from two or three subjects. Have Details about HPCL - From its CMD to the ongoing Projects. Be Honest. If you have any weakness then show how have you been working on it and improving it.","The interview process was a positive experience. It commenced with a question about my family background. And since I had fair academic record, the panel focused on behavioral aspects, such as my involvement in extracurricular activities, my most significant achievement, my approach to overcoming personal challenges and certain other questions.

On the technical side, the discussion centered around my internship at IIT BHU and Hydroponics 3D Simulation project.","There is no particular subject. One can prepare for two or three subjects of his/her choice. And also the most general/basic technical questions of the domain.

Prepare the Resume and the technical topics associated with the projects or internships.

Have a knowledge about the company.

Through HR questions the company checks for the leadership qualities and willingness to give the best in all scenarios.","Actually I was not preparing for the placements. I did not sit for any internship on campus. I wanted to get only into a PSU either oncampus or through GATE. And since it is not always sure that a company would allow the same branch as it had allowed in the last batch. So relying on the campus placements for getting into a PSU was not an option. But when I got to know that HPCL is recruiting for the two branches then I started preparing for it. We were informed on 12th August and the drive was on 22nd and 23rd August. So I had 10 days to prepare for both the Group Task and Interview. So, I started preparing particularly for HPCL just when I got the notification of the recruitment.",,,"For 1st year students:
Explore opportunities to discover your interests and goals without any stress. Simultaneously, focus on maintaining a CGPA of around 8 as SGPA of initial semesters has more weightage. And it is manageable to achieve it. 

For 2nd year students:
Take part in extra curricular activities and where ever you get an opportunity to demonstrate leadership qualities and communication skills. Keep maintaining the CGPA around 8.5 (especially for general category). And make a clear objective during this time. Utilise the time during vacations after 4th semester either having an internship or a minor project.

For 3rd Year Students:  
By now, you should have a clear career goal. If interested in core internships, participate in recruitment drives as core companies visit for certain branches. Don’t worry if you miss an on-campus opportunity; research internships at IITs are excellent alternatives. Focus more on academics if PSUs or higher studies are your goal. Ensure you have relevant projects and internship experience.


By the end of the 3rd year, I would recommend to have an Internship, at least two minor projects (Core or non core), some positions of responsibility, and participation in extracurricular activities. While language isn’t a barrier, but still learn to convey your ideas in English.","Experience type:
Placement

Branch:
Civil Engineering

Company:
Hindustan Petroleum Corporation Limited (HPCL)

Role:
Officer - Engineering

Compensation:
17,37,540 Rs.

Students recruited:
A total of 4 students got selected. 2 from Civil Engineering and 2 from Electrical Engineering.

Academic profile:
CGPA - 9.42 (At the time of recruitment / Till 6th semester)

Work Experience 

1. From May 2023 to June 2023 I worked as a Summer Research Intern at IIT BHU (Varanasi) where I applied AI/ML algorithms in Structural Health Monitoring of Concrete Structures.

2. In May 2024 I did an internship in Krishna Buildestates Private Limited which is a private construction company in Jaipur. To be honest I did this internship because it is compulsory to have an internship in the summer break before final year. Otherwise I would have done a minor project on my own. And my main focus was GATE at that time.

Projects

1. Hydroponics 3D Simulation (Jan 2024 - April 2024)

2. Structural Health Monitoring using YOLOv7 (May 2023 - June 2023)

3. A Fruits Shooting Game (Jan 2023)

Technical Skills

Programming Languages: Python
Softwares: AutoCAD, Revit, StaadPro, Unity Hub, Anaconda 
Database & Analysis Tools: MySQL, Advanced Excel

Projects:
1. Hydroponics 3D Simulation: A minor project that involved creating a desktop application in Unity 3D using C# scripts, allowing users to simulate and visualize hydroponic setups in a 3D environment. Did it as a part of academics in 6th Semester.

2.  Structural Health Monitoring using YOLOv7: Trained a ML model by employing YOLOv7 algorithm to detect cracks and damages on the surface of concrete structures. Did it as a part of Internship.

3. Fruit Shooting Game: I created this game in class 12th using Python and later improved it in the 4th semester.

Eligibility:
Eligible branches: Civil, Electrical
Criteria: (Course: BTech) (Branch: Civil Engineering and Electrical Engineering) (CGPA: For General/EWS/OBC-NCL 6 CGPA, For SC/ST/PwBD 5 CGPA) (Any other requirements: No Active Backlog)

Selection procedure:
1. Shortlisting on the basis of CGPA and Category
2. Group Task
3. One Round of Personal Interview (Around 20-25 minutes)

Test description:
1. Shortlisting on the basis of CGPA and Category:
One should be among top three or four students in the particular category in the particular branch i.e. From each category three or four students were shortlisted in the order of their CGPA. A total of 28 students were shortlisted.

2. Group Task: 4 groups were made each having 7 students. A case study was given to each group and the group had to discuss and find out the possible solutions of the statements given in the case study. A final conclusion had to be brought out as a team.

3. Personal Interview: A panel of 5-6 members took the interview. It was a mix of Technical and HR in the same round. The technical questions were related to the internships and projects. And some HR questions were related to the PORs and extracurricular activities mentioned in the resume, about the company, any imaginary scenario or personal background or details.

Test preparation:
1. Since the initial shortlisting is on the basis of CGPA, one should have a decent academic record. After the initial shortlisting there is no major role of CGPA.

2. Group Task: Whether one has been a part of too many Group Discussions or only a few, what matters is the relevance of the point, the confidence and how one gives the other members an equal opportuntity to speak. What kind of Case Studies are given in the Group Task of HPCL can be seen on a Youtube Channel - YOURPEDIA. Not compulsory, but using their case studies one can prepare on his own.

3. Personal Interview: Prepare each point of the Resume - Technical or Behavioural. Basic Technical Questions can be prepared from two or three subjects. Have Details about HPCL - From its CMD to the ongoing Projects. Be Honest. If you have any weakness then show how have you been working on it and improving it.

Interview experience:
The interview process was a positive experience. It commenced with a question about my family background. And since I had fair academic record, the panel focused on behavioral aspects, such as my involvement in extracurricular activities, my most significant achievement, my approach to overcoming personal challenges and certain other questions.

On the technical side, the discussion centered around my internship at IIT BHU and Hydroponics 3D Simulation project.

Important topics:
There is no particular subject. One can prepare for two or three subjects of his/her choice. And also the most general/basic technical questions of the domain.

Prepare the Resume and the technical topics associated with the projects or internships.

Have a knowledge about the company.

Through HR questions the company checks for the leadership qualities and willingness to give the best in all scenarios.

Preparation started:
Actually I was not preparing for the placements. I did not sit for any internship on campus. I wanted to get only into a PSU either oncampus or through GATE. And since it is not always sure that a company would allow the same branch as it had allowed in the last batch. So relying on the campus placements for getting into a PSU was not an option. But when I got to know that HPCL is recruiting for the two branches then I started preparing for it. We were informed on 12th August and the drive was on 22nd and 23rd August. So I had 10 days to prepare for both the Group Task and Interview. So, I started preparing particularly for HPCL just when I got the notification of the recruitment.

Advice for juniors:
For 1st year students:
Explore opportunities to discover your interests and goals without any stress. Simultaneously, focus on maintaining a CGPA of around 8 as SGPA of initial semesters has more weightage. And it is manageable to achieve it. 

For 2nd year students:
Take part in extra curricular activities and where ever you get an opportunity to demonstrate leadership qualities and communication skills. Keep maintaining the CGPA around 8.5 (especially for general category). And make a clear objective during this time. Utilise the time during vacations after 4th semester either having an internship or a minor project.

For 3rd Year Students:  
By now, you should have a clear career goal. If interested in core internships, participate in recruitment drives as core companies visit for certain branches. Don’t worry if you miss an on-campus opportunity; research internships at IITs are excellent alternatives. Focus more on academics if PSUs or higher studies are your goal. Ensure you have relevant projects and internship experience.


By the end of the 3rd year, I would recommend to have an Internship, at least two minor projects (Core or non core), some positions of responsibility, and participation in extracurricular activities. While language isn’t a barrier, but still learn to convey your ideas in English."
P010,Placement,Civil Engineering,ICICI Bank,Deputy Manager,"11,40,057 LPA",,12,"CGPA - 7.36 (Till 6th Semester)

Work Experience

Worked as a Project Maintenance & Management Intern at Public Works Department, Rajasthan, Jaipur during Summer break after 6th Semester. Where I developed a custom dataset of over 1000 images and optimized the model training process across 30 epochs.

Projects

- Social Media Application Development (using MERN Stack) (Aug 2024)
- Responsive Poetry Portfolio (Bootstrap, JavaScript) (April 2024)
- A Website for the TechFest of SCEM (React.js, Material UI) (Nov 2023)

Technical Skills
 
- I was proficient in C, C++, Java, HTML, CSS, with experience in full-stack development using JavaScript, React.js, Node.js, and Express.js.  
- Skilled in MySQL, MongoDB, and MS Office Suite.","1.Social Media Application Development - I built a MERN stack project focusing on API integration and backend development to enhance my web development skills.

2. Responsive Poetry Portfolio - I created a responsive website to showcase my 70-80 poetry creations across different genres, using Bootstrap and JavaScript.

3. A Website for the TechFest of SCEM - As the Technical Team Leader of SCEM (Society of Civil Engineers MNIT) I was assigned a task to develop a responsive event website using Material UI and React.js. It featured a hamburger menu, event details, and links to the club's social media handles.","Eligible branches: CSE, ECE, Electrical, Chemical, Civil, Mechanical
Criteria: B. Tech Students from all the branches except Metallurgy were allowed. There was no CGPA criteria and no other requirement.","Round 1: Aptitude + Technical Test
Round 2: Personal Interview","A total of 60 MCQs were given, to be completed within a 1-hour time duration. The questions included aptitude, English, and technical topics.","Practice aptitude questions and Technical MCQs covering topics like Node.js, Java OOPs, C++, React.js, SQL from online resources.","The interview started with resume-based questions. They asked about my internship project and an explanation of each project, including the main motives behind them. This was followed by HR questions, where they assessed my passion for the company by presenting different scenarios. They also inquired about my hobbies and extracurricular activities. Since I held a leadership position in a club, they asked me to explain my responsibilities and the work I managed there. It’s essential to be clear about all the details & data related to your club and membership as well as projects.","Topics like Node.js, Java OOPs, C++, React.js, SQL for Technical Round.
Technical details of the projects mentioned in the Resume for Interview.","I started preparing for placements at the beginning of my 5th semester. Initially, I explored the technical field and developed an interest in designing websites, which led me to start learning web development. Later, I shifted my focus to strengthening my knowledge of data structures.",,,"For 1st year students:

Explore the opportunities and try to find out the domain with which your interest aligns. CGPA in not a barrier but try to maintain atleast 7. There are certain companies which have initial shortlisting on the basis of CGPA. Above 8 would be fine for almost all the companies.

For 2nd year students:

Join cultural or technical societies and take part in extracurricular activities. Don't take stress. Focus on skill development. And create some minor projects in free time.

For 3rd year students:

If interested in internships, participate in recruitment drives. Don’t get anxious if you don't get an on campus opportunity. Search for off campus opportunities which can easily be grabbed and provide you some experience. You can build a project as well. Be consistent and keep working.","Experience type:
Placement

Branch:
Civil Engineering

Company:
ICICI Bank

Role:
Deputy Manager

Compensation:
11,40,057 LPA

Students recruited:
12

Academic profile:
CGPA - 7.36 (Till 6th Semester)

Work Experience

Worked as a Project Maintenance & Management Intern at Public Works Department, Rajasthan, Jaipur during Summer break after 6th Semester. Where I developed a custom dataset of over 1000 images and optimized the model training process across 30 epochs.

Projects

- Social Media Application Development (using MERN Stack) (Aug 2024)
- Responsive Poetry Portfolio (Bootstrap, JavaScript) (April 2024)
- A Website for the TechFest of SCEM (React.js, Material UI) (Nov 2023)

Technical Skills
 
- I was proficient in C, C++, Java, HTML, CSS, with experience in full-stack development using JavaScript, React.js, Node.js, and Express.js.  
- Skilled in MySQL, MongoDB, and MS Office Suite.

Projects:
1.Social Media Application Development - I built a MERN stack project focusing on API integration and backend development to enhance my web development skills.

2. Responsive Poetry Portfolio - I created a responsive website to showcase my 70-80 poetry creations across different genres, using Bootstrap and JavaScript.

3. A Website for the TechFest of SCEM - As the Technical Team Leader of SCEM (Society of Civil Engineers MNIT) I was assigned a task to develop a responsive event website using Material UI and React.js. It featured a hamburger menu, event details, and links to the club's social media handles.

Eligibility:
Eligible branches: CSE, ECE, Electrical, Chemical, Civil, Mechanical
Criteria: B. Tech Students from all the branches except Metallurgy were allowed. There was no CGPA criteria and no other requirement.

Selection procedure:
Round 1: Aptitude + Technical Test
Round 2: Personal Interview

Test description:
A total of 60 MCQs were given, to be completed within a 1-hour time duration. The questions included aptitude, English, and technical topics.

Test preparation:
Practice aptitude questions and Technical MCQs covering topics like Node.js, Java OOPs, C++, React.js, SQL from online resources.

Interview experience:
The interview started with resume-based questions. They asked about my internship project and an explanation of each project, including the main motives behind them. This was followed by HR questions, where they assessed my passion for the company by presenting different scenarios. They also inquired about my hobbies and extracurricular activities. Since I held a leadership position in a club, they asked me to explain my responsibilities and the work I managed there. It’s essential to be clear about all the details & data related to your club and membership as well as projects.

Important topics:
Topics like Node.js, Java OOPs, C++, React.js, SQL for Technical Round.
Technical details of the projects mentioned in the Resume for Interview.

Preparation started:
I started preparing for placements at the beginning of my 5th semester. Initially, I explored the technical field and developed an interest in designing websites, which led me to start learning web development. Later, I shifted my focus to strengthening my knowledge of data structures.

Advice for juniors:
For 1st year students:

Explore the opportunities and try to find out the domain with which your interest aligns. CGPA in not a barrier but try to maintain atleast 7. There are certain companies which have initial shortlisting on the basis of CGPA. Above 8 would be fine for almost all the companies.

For 2nd year students:

Join cultural or technical societies and take part in extracurricular activities. Don't take stress. Focus on skill development. And create some minor projects in free time.

For 3rd year students:

If interested in internships, participate in recruitment drives. Don’t get anxious if you don't get an on campus opportunity. Search for off campus opportunities which can easily be grabbed and provide you some experience. You can build a project as well. Be consistent and keep working."
P011,Placement,Civil Engineering,Hinduja Renewables,GET,7.5,,1,"CGPA -8•5
mini project - Design of drip irrigation",,"Eligible branches: Electrical, Civil
Criteria: CGPA more then 6","4 rounds of process
1st Aptitude round 
2nd GD
3rd Technical theory paper 
4th Interview round",Not too hard,Practise question of Aptitude  from internet or any good publication book,2 rounds Of question 1st technical round and 2nd behaviour round in technical they asked about Geo technical and Surveying,"Geo technical
Surveying 
structure analysis",form 3rd year,,,maintain cgpa,"Experience type:
Placement

Branch:
Civil Engineering

Company:
Hinduja Renewables

Role:
GET

Compensation:
7.5

Students recruited:
1

Academic profile:
CGPA -8•5
mini project - Design of drip irrigation

Eligibility:
Eligible branches: Electrical, Civil
Criteria: CGPA more then 6

Selection procedure:
4 rounds of process
1st Aptitude round 
2nd GD
3rd Technical theory paper 
4th Interview round

Test description:
Not too hard

Test preparation:
Practise question of Aptitude  from internet or any good publication book

Interview experience:
2 rounds Of question 1st technical round and 2nd behaviour round in technical they asked about Geo technical and Surveying

Important topics:
Geo technical
Surveying 
structure analysis

Preparation started:
form 3rd year

Advice for juniors:
maintain cgpa"
P012,Placement,Electronics and Communication Engineering,Barclays,Graduate Analyst,13 LPA,,2,"CGPA: 7.48 (up to the 6th semester)
Technical Skills:
Programming Languages: Python, R, SQL, C++
Libraries & Frameworks: Python (Deep Learning, NLP)
Database Management: MySQL
Data Analysis & Visualization: Excel, Tableau, Power BI
Machine Learning & Artificial Intelligence
Internships & Projects:
Completed an internship at the Central Research Laboratory (CRL), Bharat Electronics Limited (off-campus).
Undertook web development projects in the 1st and 2nd year and transitioned to Machine Learning following guidance from mentors, building foundational projects in Data Science and AI.
I Focused on Data Science and Machine Learning projects, which significantly strengthened my technical portfolio and supported my successful placement process.
I Attended a Soft Skills Development Workshop conducted by the placement cell, improving my communication and interview preparation skills.","In my first year, I chose to begin with web development, considering it more approachable compared to app development or machine learning. After two years, my curiosity led me to explore the field of Artificial Intelligence and Machine Learning. I started taking courses on platforms like Udemy and Coursera and began applying my knowledge in the fifth semester.

This transition allowed me to work on projects in both web development and AI/ML, which I believe provided me with a well-rounded skill set and a competitive edge.","Eligible branches: CSE, ECE
Criteria: CGPA > 6","Online Assessment:
Coding Round: Assessed technical and problem-solving skills.
Behavioral Round: Evaluated situational and workplace behavior.
Shortlisting:
Based on performance in the online assessment and resume screening, 18 students were shortlisted for the interview rounds.

Interview Rounds:
Round 1 (Technical): An in-person interview focused on technical knowledge and problem-solving abilities.
Round 2 (Techno-HR): An in-person interview conducted by the Director and Vice Presidents of Barclays India (Pune office), combining technical questions with HR-based discussions..","In the Online Assessment, the Coding Round consisted of two DSA questions—one on arrays and the other on queues—ranging from easy to medium difficulty. Participants were given 1 hour to solve these problems. The Behavioral Round featured multiple-choice questions based on corporate scenarios, with a 1-hour time limit for completion.","For coding rounds, a strong grasp of DSA is crucial. Practice on LeetCode and GFG, and use Love Babbar and Striver's DSA sheets for guidance. Contests help build time management skills under pressure. Before placements, InterviewBit is a great platform for practicing key topics, interview questions, and experiences from various companies.","In the first technical round, I was asked basic Python concepts, including data structures such as tuples, lists, and sets. Then, they tested my knowledge of SQL, focusing on joins—I was asked to explain all types of joins. I was given an SQL LeetCode question involving joins and keys. They also asked several questions related to my resume, including how my project could be applied to their industry and company.

In the second round, the focus was more on my projects and resume. There were intense, case-based behavioral questions, where the interviewer attempted to confuse and challenge me. Despite the pressure, I maintained my composure and answered confidently.","The company expects candidates to have a deep understanding of every skill and technology listed on their resume. It’s crucial to be able to explain your projects and the tools you used in detail, as failing to do so can create a negative impression and suggest you may have exaggerated your expertise.

Additionally, it’s important to have a strong grasp of the basics. Regularly review articles on platforms like GeeksforGeeks (GFG) and stay updated on technologies and frameworks. Revising key concepts in subjects like Operating Systems (OS), Database Management Systems (DBMS), and DSA is essential for a solid foundation.","I started learning Data Structures in my first year, but formal placement preparation began in the 5th semester.",,,"1st Year:
Explore clubs to discover interests, meet people, and build confidence. Connect with seniors for guidance. Try coding and competitive programming to gauge your interest, but don't compromise on your CGPA, as it's crucial for placements.

2nd Year:
Narrow down career interests and deepen knowledge in your field. If you're into software, solve 2 DSA questions daily. Stay active in extra-curriculars, especially for non-core fields, as they add value.

3rd Year:
This year is crucial for both academics and placement preparation. With the added pressure of internships and core subjects, it’s important to focus on maintaining a strong CGPA, as improving it becomes more difficult later. Prioritize your academic performance while dedicating time to prepare for internships, interviews, and placement opportunities.","Experience type:
Placement

Branch:
Electronics and Communication Engineering

Company:
Barclays

Role:
Graduate Analyst

Compensation:
13 LPA

Students recruited:
2

Academic profile:
CGPA: 7.48 (up to the 6th semester)
Technical Skills:
Programming Languages: Python, R, SQL, C++
Libraries & Frameworks: Python (Deep Learning, NLP)
Database Management: MySQL
Data Analysis & Visualization: Excel, Tableau, Power BI
Machine Learning & Artificial Intelligence
Internships & Projects:
Completed an internship at the Central Research Laboratory (CRL), Bharat Electronics Limited (off-campus).
Undertook web development projects in the 1st and 2nd year and transitioned to Machine Learning following guidance from mentors, building foundational projects in Data Science and AI.
I Focused on Data Science and Machine Learning projects, which significantly strengthened my technical portfolio and supported my successful placement process.
I Attended a Soft Skills Development Workshop conducted by the placement cell, improving my communication and interview preparation skills.

Projects:
In my first year, I chose to begin with web development, considering it more approachable compared to app development or machine learning. After two years, my curiosity led me to explore the field of Artificial Intelligence and Machine Learning. I started taking courses on platforms like Udemy and Coursera and began applying my knowledge in the fifth semester.

This transition allowed me to work on projects in both web development and AI/ML, which I believe provided me with a well-rounded skill set and a competitive edge.

Eligibility:
Eligible branches: CSE, ECE
Criteria: CGPA > 6

Selection procedure:
Online Assessment:
Coding Round: Assessed technical and problem-solving skills.
Behavioral Round: Evaluated situational and workplace behavior.
Shortlisting:
Based on performance in the online assessment and resume screening, 18 students were shortlisted for the interview rounds.

Interview Rounds:
Round 1 (Technical): An in-person interview focused on technical knowledge and problem-solving abilities.
Round 2 (Techno-HR): An in-person interview conducted by the Director and Vice Presidents of Barclays India (Pune office), combining technical questions with HR-based discussions..

Test description:
In the Online Assessment, the Coding Round consisted of two DSA questions—one on arrays and the other on queues—ranging from easy to medium difficulty. Participants were given 1 hour to solve these problems. The Behavioral Round featured multiple-choice questions based on corporate scenarios, with a 1-hour time limit for completion.

Test preparation:
For coding rounds, a strong grasp of DSA is crucial. Practice on LeetCode and GFG, and use Love Babbar and Striver's DSA sheets for guidance. Contests help build time management skills under pressure. Before placements, InterviewBit is a great platform for practicing key topics, interview questions, and experiences from various companies.

Interview experience:
In the first technical round, I was asked basic Python concepts, including data structures such as tuples, lists, and sets. Then, they tested my knowledge of SQL, focusing on joins—I was asked to explain all types of joins. I was given an SQL LeetCode question involving joins and keys. They also asked several questions related to my resume, including how my project could be applied to their industry and company.

In the second round, the focus was more on my projects and resume. There were intense, case-based behavioral questions, where the interviewer attempted to confuse and challenge me. Despite the pressure, I maintained my composure and answered confidently.

Important topics:
The company expects candidates to have a deep understanding of every skill and technology listed on their resume. It’s crucial to be able to explain your projects and the tools you used in detail, as failing to do so can create a negative impression and suggest you may have exaggerated your expertise.

Additionally, it’s important to have a strong grasp of the basics. Regularly review articles on platforms like GeeksforGeeks (GFG) and stay updated on technologies and frameworks. Revising key concepts in subjects like Operating Systems (OS), Database Management Systems (DBMS), and DSA is essential for a solid foundation.

Preparation started:
I started learning Data Structures in my first year, but formal placement preparation began in the 5th semester.

Advice for juniors:
1st Year:
Explore clubs to discover interests, meet people, and build confidence. Connect with seniors for guidance. Try coding and competitive programming to gauge your interest, but don't compromise on your CGPA, as it's crucial for placements.

2nd Year:
Narrow down career interests and deepen knowledge in your field. If you're into software, solve 2 DSA questions daily. Stay active in extra-curriculars, especially for non-core fields, as they add value.

3rd Year:
This year is crucial for both academics and placement preparation. With the added pressure of internships and core subjects, it’s important to focus on maintaining a strong CGPA, as improving it becomes more difficult later. Prioritize your academic performance while dedicating time to prepare for internships, interviews, and placement opportunities."
P013,Placement,Electronics and Communication Engineering,Micron,Process & Equipment Engineer,"13,17,000",,14,"My current CGPA is 9.61.  

Technical Skills:
Programming Languages: C/C++, Python, HTML, CSS, JavaScript, SQL, Verilog. 

Simulation & Modeling Tools: MATLAB, Simulink, Vivado, LTspice, Proteus, Cadence Virtuoso, Optisystem. 
 
Technologies & Frameworks: Linux, GitHub, ReactJS, NextJS, NodeJS, ExpressJS, Git.  

Key Courses:  Data Structures and Algorithms, Object-Oriented Programming, Operating Systems, Computer Networks, Signals and Systems, Analog Electronics, Digital Electronics,  Control Systems and  Analog Communication


Projects:  
  Synchronous FIFO (Verilog): Designed a 16-byte FIFO memory buffer with read/write capabilities and status signals for overflow/underflow prevention.  

  Hamming Code for Error Control (Verilog): Developed error detection and correction systems with encoder/decoder functionality.  

Movie Recommendation System:Developed a content-based movie recommendation system. Utilized Pandas for preprocessing, CountVectorizer for text vectorization, and cosine similarity for efficient movie suggestions.

Umeet:Developed a video conferencing tool with features for creating, scheduling, recording, and managing meetings using Next.js and TypeScript. 

Work Experience:
Gained practical industry experience during summer internship at 132 KV GSS Chambal, studying equipment operations and the principles of Power Line Carrier Communication (PLCC) systems.",,"Eligible branches: ECE, Electrical, Metallurgy, Mechanical
Criteria: CGPA above 7 and minimum 60% in 10th and 12th",The entire process consisted of an aptitude round followed by three interview rounds (one technical and two HR).,"The aptitude test was fairly simple, with questions ranging from easy to moderate.","One should practice aptitude on sites like GFG and IndiaBix and have a strong grasp of aptitude, as it is a common component in all company tests. And one should have a good CGPA.","In my first round, which was HR-focused, the interviewers asked about Micron’s portfolio, the types of devices they make, and their investments. They also inquired why I wanted to join Micron and what drives my passion for the field.

The second round was technical, where the discussion covered digital electronics, EDC, and questions related to my resume. I was asked to explain the projects I worked on and the knowledge I gained during my internship.

The third round was another HR interview, where they asked about my understanding of Micron, why I wanted to work there, and how my passion aligns with the company’s goals.","Electronic Devices and Circuits, Digital Electronics and Analog/Digital Communication.",I began preparing for placements in my 4th semester.,,,"Enjoy your first year and take the opportunity to explore a variety of fields such as AI/ML, robotics, coding, core engineering, finance, and management. This is the time to discover what excites you the most and where your interests lie. In your second year, once you've identified a field that truly captures your attention, focus on developing relevant skills. Start gaining hands-on experience through personal projects, coding exercises, and exploring advanced concepts. Working on projects under the guidance of your professors will not only help you build practical skills but also contribute to creating a strong resume that showcases your capabilities.

In your third year, it’s time to apply for internships to gain real-world experience in your chosen field. Internships provide valuable learning opportunities and help you grow your network. Alongside your internships, continue working on improving and diversifying your skills to stay ahead in the competitive job market.

Additionally, it’s important to maintain a decent CGPA (8+), as it will play a crucial role in the Online Assessments (OA) process for internship and job applications. While academics are important, also ensure you keep a hobby that brings you joy and helps you unwind during your free time, as a balanced lifestyle is essential for long-term success.","Experience type:
Placement

Branch:
Electronics and Communication Engineering

Company:
Micron

Role:
Process & Equipment Engineer

Compensation:
13,17,000

Students recruited:
14

Academic profile:
My current CGPA is 9.61.  

Technical Skills:
Programming Languages: C/C++, Python, HTML, CSS, JavaScript, SQL, Verilog. 

Simulation & Modeling Tools: MATLAB, Simulink, Vivado, LTspice, Proteus, Cadence Virtuoso, Optisystem. 
 
Technologies & Frameworks: Linux, GitHub, ReactJS, NextJS, NodeJS, ExpressJS, Git.  

Key Courses:  Data Structures and Algorithms, Object-Oriented Programming, Operating Systems, Computer Networks, Signals and Systems, Analog Electronics, Digital Electronics,  Control Systems and  Analog Communication


Projects:  
  Synchronous FIFO (Verilog): Designed a 16-byte FIFO memory buffer with read/write capabilities and status signals for overflow/underflow prevention.  

  Hamming Code for Error Control (Verilog): Developed error detection and correction systems with encoder/decoder functionality.  

Movie Recommendation System:Developed a content-based movie recommendation system. Utilized Pandas for preprocessing, CountVectorizer for text vectorization, and cosine similarity for efficient movie suggestions.

Umeet:Developed a video conferencing tool with features for creating, scheduling, recording, and managing meetings using Next.js and TypeScript. 

Work Experience:
Gained practical industry experience during summer internship at 132 KV GSS Chambal, studying equipment operations and the principles of Power Line Carrier Communication (PLCC) systems.

Eligibility:
Eligible branches: ECE, Electrical, Metallurgy, Mechanical
Criteria: CGPA above 7 and minimum 60% in 10th and 12th

Selection procedure:
The entire process consisted of an aptitude round followed by three interview rounds (one technical and two HR).

Test description:
The aptitude test was fairly simple, with questions ranging from easy to moderate.

Test preparation:
One should practice aptitude on sites like GFG and IndiaBix and have a strong grasp of aptitude, as it is a common component in all company tests. And one should have a good CGPA.

Interview experience:
In my first round, which was HR-focused, the interviewers asked about Micron’s portfolio, the types of devices they make, and their investments. They also inquired why I wanted to join Micron and what drives my passion for the field.

The second round was technical, where the discussion covered digital electronics, EDC, and questions related to my resume. I was asked to explain the projects I worked on and the knowledge I gained during my internship.

The third round was another HR interview, where they asked about my understanding of Micron, why I wanted to work there, and how my passion aligns with the company’s goals.

Important topics:
Electronic Devices and Circuits, Digital Electronics and Analog/Digital Communication.

Preparation started:
I began preparing for placements in my 4th semester.

Advice for juniors:
Enjoy your first year and take the opportunity to explore a variety of fields such as AI/ML, robotics, coding, core engineering, finance, and management. This is the time to discover what excites you the most and where your interests lie. In your second year, once you've identified a field that truly captures your attention, focus on developing relevant skills. Start gaining hands-on experience through personal projects, coding exercises, and exploring advanced concepts. Working on projects under the guidance of your professors will not only help you build practical skills but also contribute to creating a strong resume that showcases your capabilities.

In your third year, it’s time to apply for internships to gain real-world experience in your chosen field. Internships provide valuable learning opportunities and help you grow your network. Alongside your internships, continue working on improving and diversifying your skills to stay ahead in the competitive job market.

Additionally, it’s important to maintain a decent CGPA (8+), as it will play a crucial role in the Online Assessments (OA) process for internship and job applications. While academics are important, also ensure you keep a hobby that brings you joy and helps you unwind during your free time, as a balanced lifestyle is essential for long-term success."
P014,Placement,Mechanical Engineering,Dassault Systemes,Software Engineer,10 lpa,,7 (6 from btech and 1 from mtech),"CGPA-7.2
No Prior work experience 

Projects - 
Full stack Food ordering website built with react and its frameworks
The Food Order App is a React-based web application that enables users to browse a variety of meals fetched from a backend, add selected meals to a cart, and adjust quantities as needed. Users can proceed to checkout, where their order details are submitted to the backend, and the cart is automatically cleared upon successful submission. The app also features authentication for secure user sessions and integrates Stripe for seamless payment processing, ensuring a complete end-to-end user experience.

Technical skills-
Programming Languages: C, C++, Java, JavaScript
Web Development: React.js, Next.js, Redux, HTML, CSS
CS Fundamentals: Operating systems, OOPs, DBMS",,"Eligible branches: CSE, ECE, Electrical, Civil, Metallurgy, Mechanical
Criteria: No cg criteria, all branches except chemical were allowed","Round 1- Online assessment in CC. 
Round 2- Final Interview Round.","Round 1- Section 1 was comprised of multiple choice questions on quantitative aptitude and logical reasoning. Each question had a time limit of 45 second. Section 2 had MCQs with time limit of 1 minute. Section 3 had MCQs of time limit 2 minutes. Section 4 had 4 coding questions with a time limit of 5-8 minutes.
Round 2 - Around 73 students were selected. Out of them 7 were selected. This round was Technical + hr.
For the technical part easy to medium Dsa + puzzles  were asked.","For the coding round, LeetCode and GeeksforGeeks (GFG) questions are sufficient. For interviews, the InterviewBit platform can be used. I relied on GFG for puzzles, and they were enough.","1. Binary tree implementation
2. Insertion, deletion and other operations of Linked list
3. Having knowledge of all DSA topics will always be beneficial.
3. Puzzles from GeeksforGeeks (GFG).
4. Basic HR questions","DSA, Puzzles",May 2024,,,"Be consistent, enjoy time with your friends as much as you can, create great memories, stay open to new people and opportunities, and focus on self-development.","Experience type:
Placement

Branch:
Mechanical Engineering

Company:
Dassault Systemes

Role:
Software Engineer

Compensation:
10 lpa

Students recruited:
7 (6 from btech and 1 from mtech)

Academic profile:
CGPA-7.2
No Prior work experience 

Projects - 
Full stack Food ordering website built with react and its frameworks
The Food Order App is a React-based web application that enables users to browse a variety of meals fetched from a backend, add selected meals to a cart, and adjust quantities as needed. Users can proceed to checkout, where their order details are submitted to the backend, and the cart is automatically cleared upon successful submission. The app also features authentication for secure user sessions and integrates Stripe for seamless payment processing, ensuring a complete end-to-end user experience.

Technical skills-
Programming Languages: C, C++, Java, JavaScript
Web Development: React.js, Next.js, Redux, HTML, CSS
CS Fundamentals: Operating systems, OOPs, DBMS

Eligibility:
Eligible branches: CSE, ECE, Electrical, Civil, Metallurgy, Mechanical
Criteria: No cg criteria, all branches except chemical were allowed

Selection procedure:
Round 1- Online assessment in CC. 
Round 2- Final Interview Round.

Test description:
Round 1- Section 1 was comprised of multiple choice questions on quantitative aptitude and logical reasoning. Each question had a time limit of 45 second. Section 2 had MCQs with time limit of 1 minute. Section 3 had MCQs of time limit 2 minutes. Section 4 had 4 coding questions with a time limit of 5-8 minutes.
Round 2 - Around 73 students were selected. Out of them 7 were selected. This round was Technical + hr.
For the technical part easy to medium Dsa + puzzles  were asked.

Test preparation:
For the coding round, LeetCode and GeeksforGeeks (GFG) questions are sufficient. For interviews, the InterviewBit platform can be used. I relied on GFG for puzzles, and they were enough.

Interview experience:
1. Binary tree implementation
2. Insertion, deletion and other operations of Linked list
3. Having knowledge of all DSA topics will always be beneficial.
3. Puzzles from GeeksforGeeks (GFG).
4. Basic HR questions

Important topics:
DSA, Puzzles

Preparation started:
May 2024

Advice for juniors:
Be consistent, enjoy time with your friends as much as you can, create great memories, stay open to new people and opportunities, and focus on self-development."
P015,Placement,Electronics and Communication Engineering,Qbit Labs Pvt. Ltd,R&D Trainee Engineer (Embedded software),10 LPA,,3,"CGPA:8.00
Work experience: none
Workshops/conferences:
Presented a paper on IMPROVED ACCURACY IN HYPERSPECTRAL IMAGE PROCESSING USING DEEP LEARNING in ISRO RAC-S conference.
Presented a poster on ""India's navigation system-NaVIC"" on National Space day 2024
Technical skills: 
Programming languages: C, C++, JavaScript, Python.
Proficient in Data structures and algorithms(500+ questions on various coding platforms)
Oops in c++
Front end web development (was not relevant to the role that I was selected for) HTML, CSS, JavaScript, react
Machine learning (completed andrew ng's machine learning specialization on Coursera)
Projects:
I had three projects in my resume, one was ""Sorting Visualizer"" that showcases the working of various sorting algorithms, used React.
Second was Hyperspectral Image Classifier, which used and compared various deep learning algorithms to classify the HSI datasets.
Third was a embedded system project which was ""Autonomous car using Raspberry Pi"" which had all the normal car functionality plus added lane assistance, traffic signs identification and many features.","The first project that I mentioned above I made during the starting of 3rd year, it used React and used sorting algorithms in DSA. The motivation was to see how will these algorithms look in real time and to improve my understanding.
Second project I made during the ISRO conference.
And on the third project I started working at the starting of 4th year, the motivation was to imply the embedded systems and to have a better understanding of microcontrollers, hardware interfacing and Raspberry Pi","Eligible branches: CSE, ECE, Electrical
Criteria: At the time of application only CGPA criteria was there with CGPA > 7","There was cv shortlisting, then a test was conducted offline, and then there were total of 3 rounds of interviews.","The written test asked questions about aptitude, pointers in C, some of the OOPS concepts were also asked .
During my first round of interviews I was asked with the questions related to DSA in C and C++ both.","For aptitude I did not prepare specifically, for the test part the DSA that was in curriculum was enough since they asked it in C. To have a deeper knowledge about the DSA concepts, I did the striver's sde sheet.","In the first round I was asked to implement some data structures in C and C++ both then he asked me about some OOPS concepts.
In the second round the interviewer gave me two medium level standard leetcode questions and asked about the brute force as well as optimised approach.",The company mentioned many embedded systems related topics in the JD but the main focus was on coding skills in C language and DSA if it is mentioned in your resume.,At the starting of 3rd year.,,,"For first year, I would suggest don't run for coding if you are from circuital branch, explore many fields and maintain the CGPA.
For second years, decide a field in which you want to go and try to make projects in it.
In the third year specifically prepare for the field you are going into the standard DSA is necessary whether for software or embedded role. If specifically want to go to FPGA or any other related field then verilog is a must.","Experience type:
Placement

Branch:
Electronics and Communication Engineering

Company:
Qbit Labs Pvt. Ltd

Role:
R&D Trainee Engineer (Embedded software)

Compensation:
10 LPA

Students recruited:
3

Academic profile:
CGPA:8.00
Work experience: none
Workshops/conferences:
Presented a paper on IMPROVED ACCURACY IN HYPERSPECTRAL IMAGE PROCESSING USING DEEP LEARNING in ISRO RAC-S conference.
Presented a poster on ""India's navigation system-NaVIC"" on National Space day 2024
Technical skills: 
Programming languages: C, C++, JavaScript, Python.
Proficient in Data structures and algorithms(500+ questions on various coding platforms)
Oops in c++
Front end web development (was not relevant to the role that I was selected for) HTML, CSS, JavaScript, react
Machine learning (completed andrew ng's machine learning specialization on Coursera)
Projects:
I had three projects in my resume, one was ""Sorting Visualizer"" that showcases the working of various sorting algorithms, used React.
Second was Hyperspectral Image Classifier, which used and compared various deep learning algorithms to classify the HSI datasets.
Third was a embedded system project which was ""Autonomous car using Raspberry Pi"" which had all the normal car functionality plus added lane assistance, traffic signs identification and many features.

Projects:
The first project that I mentioned above I made during the starting of 3rd year, it used React and used sorting algorithms in DSA. The motivation was to see how will these algorithms look in real time and to improve my understanding.
Second project I made during the ISRO conference.
And on the third project I started working at the starting of 4th year, the motivation was to imply the embedded systems and to have a better understanding of microcontrollers, hardware interfacing and Raspberry Pi

Eligibility:
Eligible branches: CSE, ECE, Electrical
Criteria: At the time of application only CGPA criteria was there with CGPA > 7

Selection procedure:
There was cv shortlisting, then a test was conducted offline, and then there were total of 3 rounds of interviews.

Test description:
The written test asked questions about aptitude, pointers in C, some of the OOPS concepts were also asked .
During my first round of interviews I was asked with the questions related to DSA in C and C++ both.

Test preparation:
For aptitude I did not prepare specifically, for the test part the DSA that was in curriculum was enough since they asked it in C. To have a deeper knowledge about the DSA concepts, I did the striver's sde sheet.

Interview experience:
In the first round I was asked to implement some data structures in C and C++ both then he asked me about some OOPS concepts.
In the second round the interviewer gave me two medium level standard leetcode questions and asked about the brute force as well as optimised approach.

Important topics:
The company mentioned many embedded systems related topics in the JD but the main focus was on coding skills in C language and DSA if it is mentioned in your resume.

Preparation started:
At the starting of 3rd year.

Advice for juniors:
For first year, I would suggest don't run for coding if you are from circuital branch, explore many fields and maintain the CGPA.
For second years, decide a field in which you want to go and try to make projects in it.
In the third year specifically prepare for the field you are going into the standard DSA is necessary whether for software or embedded role. If specifically want to go to FPGA or any other related field then verilog is a must."
P016,Placement,Electronics and Communication Engineering,NAV Back Office,Trainee Associate – Technology,10LPA + 3 Lakh Retention Bonus,,7,"7.49 till date, Work Experience: Edulyt India - Data Analyst (2nd year) and Celebal Technology - Data Engineer (3rd year) as summer internship, 
Technical Skills: I am proficient in C, C++, and Python with libraries like pandas, NumPy, TensorFlow, have a strong grasp of Data Structures and Algorithms (DSA), having solved nearly 500+ questions by my fourth year. 
I have strong command in Operating Systems (OS), Object Oriented Programming (OOPs), and SQL (DBMS), Machine Learing (ML). At the beginning of my third year, I developed a strong interest in Artificial Intelligence (AI) and completed Andrew Ng's Machine Learning Specialization on Coursera.","I mentioned two projects in my resume:
Sudoku Generator: I came across a similar project on GitHub and thought it would be a great idea to create my own Sudoku generator. I developed the application in C++ using the backtracking algorithm and applied some concepts of OOPs.
Binary Classification of a Bank Churn Dataset: I used Logistic Regression in Jupyter Notebook with Python libraries like Seaborn and Pandas on Kaggle. I predicted customer churn with 75% accuracy and analyzed feature importance. The project involved data preprocessing, encoding categorical features, and performing Exploratory Data Analysis (EDA) to visualize distributions, correlations, and churn patterns.","Eligible branches: CSE, ECE
Criteria: Min 7 CGPA (no backlogs) in B.Tech & 80% above in 10th & 12th","The selection process began with a Technical Test, followed by three Interview Rounds. Whole Procedure was offline, Test was online held at Computer Centre (CC).","Technical Test: consisted of MCQ question based on SQL, CS fundamentals, oops concepts and 2 coding questions. All to be solved within 90 minutes.","Constantly revise DSA and OOPs concepts (you can refer to GFG articles as they are precise). Practice aptitude and SQL questions regularly, and try to solve at least one coding problem a day to stay prepared for coding rounds.","Interview rounds was about 40-50 minutes whereas HR Round was about 10-15 minutes.
1st Interview Round: Focused on Object-Oriented Programming (OOPs) concepts, also included solving three puzzles, two basic coding/DSA questions, and situational problem-solving questions.
2nd Interview Round: Included a detailed explanation of the project, two advanced-level coding questions, two puzzles, SQL query-based questions, and situational questions.
3rd HR Interview: Assessed soft skills and overall alignment with the company’s values.","The company expects candidates to have a strong understanding of DSA and in-depth proficiency in one object-oriented programming language (C++, Java, or Python). Additionally, the company focuses on core CS subjects like Operating Systems, DBMS, Computer Networking, and OOPs.
In interviews, most questions are based on the Striver sheet for DSA/coding rounds. Ensure you have a thorough understanding of everything mentioned in your CV/Resume.",End Of 2nd Year,,,"For 1st Year Students:
Enjoy your college life and actively participate in a club or sport. Explore different fields before deciding on a career path. Start learning a programming language and get familiar with coding and DSA. Maintain a CGPA above 7+ (preferably 8+ to stay on the safe side).
For 2nd Year Students:
Devote 1.5 to 2 hours daily to upskill yourself, but balance this with extracurricular activities as they are essential for overall personality development. Start working on a project in a domain that interests you; this will help for getting internships.
For 3rd Year Students:
Don’t stress if you don’t secure a summer internship. Stay confident and learn from your mistakes. Many good companies visit for placements. Focus on creating unique projects to help you stand out from the competition.","Experience type:
Placement

Branch:
Electronics and Communication Engineering

Company:
NAV Back Office

Role:
Trainee Associate – Technology

Compensation:
10LPA + 3 Lakh Retention Bonus

Students recruited:
7

Academic profile:
7.49 till date, Work Experience: Edulyt India - Data Analyst (2nd year) and Celebal Technology - Data Engineer (3rd year) as summer internship, 
Technical Skills: I am proficient in C, C++, and Python with libraries like pandas, NumPy, TensorFlow, have a strong grasp of Data Structures and Algorithms (DSA), having solved nearly 500+ questions by my fourth year. 
I have strong command in Operating Systems (OS), Object Oriented Programming (OOPs), and SQL (DBMS), Machine Learing (ML). At the beginning of my third year, I developed a strong interest in Artificial Intelligence (AI) and completed Andrew Ng's Machine Learning Specialization on Coursera.

Projects:
I mentioned two projects in my resume:
Sudoku Generator: I came across a similar project on GitHub and thought it would be a great idea to create my own Sudoku generator. I developed the application in C++ using the backtracking algorithm and applied some concepts of OOPs.
Binary Classification of a Bank Churn Dataset: I used Logistic Regression in Jupyter Notebook with Python libraries like Seaborn and Pandas on Kaggle. I predicted customer churn with 75% accuracy and analyzed feature importance. The project involved data preprocessing, encoding categorical features, and performing Exploratory Data Analysis (EDA) to visualize distributions, correlations, and churn patterns.

Eligibility:
Eligible branches: CSE, ECE
Criteria: Min 7 CGPA (no backlogs) in B.Tech & 80% above in 10th & 12th

Selection procedure:
The selection process began with a Technical Test, followed by three Interview Rounds. Whole Procedure was offline, Test was online held at Computer Centre (CC).

Test description:
Technical Test: consisted of MCQ question based on SQL, CS fundamentals, oops concepts and 2 coding questions. All to be solved within 90 minutes.

Test preparation:
Constantly revise DSA and OOPs concepts (you can refer to GFG articles as they are precise). Practice aptitude and SQL questions regularly, and try to solve at least one coding problem a day to stay prepared for coding rounds.

Interview experience:
Interview rounds was about 40-50 minutes whereas HR Round was about 10-15 minutes.
1st Interview Round: Focused on Object-Oriented Programming (OOPs) concepts, also included solving three puzzles, two basic coding/DSA questions, and situational problem-solving questions.
2nd Interview Round: Included a detailed explanation of the project, two advanced-level coding questions, two puzzles, SQL query-based questions, and situational questions.
3rd HR Interview: Assessed soft skills and overall alignment with the company’s values.

Important topics:
The company expects candidates to have a strong understanding of DSA and in-depth proficiency in one object-oriented programming language (C++, Java, or Python). Additionally, the company focuses on core CS subjects like Operating Systems, DBMS, Computer Networking, and OOPs.
In interviews, most questions are based on the Striver sheet for DSA/coding rounds. Ensure you have a thorough understanding of everything mentioned in your CV/Resume.

Preparation started:
End Of 2nd Year

Advice for juniors:
For 1st Year Students:
Enjoy your college life and actively participate in a club or sport. Explore different fields before deciding on a career path. Start learning a programming language and get familiar with coding and DSA. Maintain a CGPA above 7+ (preferably 8+ to stay on the safe side).
For 2nd Year Students:
Devote 1.5 to 2 hours daily to upskill yourself, but balance this with extracurricular activities as they are essential for overall personality development. Start working on a project in a domain that interests you; this will help for getting internships.
For 3rd Year Students:
Don’t stress if you don’t secure a summer internship. Stay confident and learn from your mistakes. Many good companies visit for placements. Focus on creating unique projects to help you stand out from the competition."
P017,Placement,Civil Engineering,L&T,Graduate Engineer Trainee,6.58 lpa,,2 from UG,"Cgpa - 7.86,   intern at jaipur development authority (JDA), learn basics of construction in practice way. I have done two minor projects under our professor himanshu arora sir and sandeep Srivastava sir ,one of them was related to construction materials and other was based on water conservation technique.",The project was assigned by our professor as a part of course. Learning the civil engineering software was my primary aim and during the project i learned about software hec ressim and autodesk Revit. The project duration was from Jan 2024 to may 2024.,"Eligible branches: CSE, Chemical, Civil, Mechanical, Architechture
Criteria: No active and Passive backlog,  Cgpa above 6.","1.) Online test
2.) Personal Interview",It cover all the basic civil engineering subject which we learned during first 3 years. It consist of 130 Question ( not sure) in which 40% Question were from core subjects and 60% were from aptitude.,"Focus on the main civil engineering subjects like Geotechnical engineering, highway engineering, Environment Engineering and Reinforced cement concrete (RCC).","It was totally based on what subject you are prepared. After basic introduction, they directly asked me to told them about my favourite subjects. So prepare 2-3 subject efficiently gich i mentioned earlier.",It's totally upto the individual. The thing which company want that how well you prepare your subject which you tell to the interviewer .,After 5 th Sem Exam.,,,"I want to say enjoy your college life make good friends, and try to enjoy every moment whether it's during your study or any other extra curricular activities. And make sure you are about your end goal atmost at the end of 2nd year.","Experience type:
Placement

Branch:
Civil Engineering

Company:
L&T

Role:
Graduate Engineer Trainee

Compensation:
6.58 lpa

Students recruited:
2 from UG

Academic profile:
Cgpa - 7.86,   intern at jaipur development authority (JDA), learn basics of construction in practice way. I have done two minor projects under our professor himanshu arora sir and sandeep Srivastava sir ,one of them was related to construction materials and other was based on water conservation technique.

Projects:
The project was assigned by our professor as a part of course. Learning the civil engineering software was my primary aim and during the project i learned about software hec ressim and autodesk Revit. The project duration was from Jan 2024 to may 2024.

Eligibility:
Eligible branches: CSE, Chemical, Civil, Mechanical, Architechture
Criteria: No active and Passive backlog,  Cgpa above 6.

Selection procedure:
1.) Online test
2.) Personal Interview

Test description:
It cover all the basic civil engineering subject which we learned during first 3 years. It consist of 130 Question ( not sure) in which 40% Question were from core subjects and 60% were from aptitude.

Test preparation:
Focus on the main civil engineering subjects like Geotechnical engineering, highway engineering, Environment Engineering and Reinforced cement concrete (RCC).

Interview experience:
It was totally based on what subject you are prepared. After basic introduction, they directly asked me to told them about my favourite subjects. So prepare 2-3 subject efficiently gich i mentioned earlier.

Important topics:
It's totally upto the individual. The thing which company want that how well you prepare your subject which you tell to the interviewer .

Preparation started:
After 5 th Sem Exam.

Advice for juniors:
I want to say enjoy your college life make good friends, and try to enjoy every moment whether it's during your study or any other extra curricular activities. And make sure you are about your end goal atmost at the end of 2nd year."
P018,Placement,Electrical Engineering,Aditya Birla Group,Get,7.5,,From electrical..2 and other branches also 2 people eacg,6.45 cgpa with core projects related to lab course,"Projects were based on lab cources , they were minor projects given for us in labs nd work done was under professor.","Eligible branches: Electrical, Chemical, Civil, Metallurgy, Mechanical
Criteria: Cg above 6",Included 2 rounds . 1 was gd nd other was interview,"Test was online mode nd of 45min where there was 30 core related qns , 20 aptitude qns and 10 behaviour qns","For aptitude..prefer youtube basic aptitude topics 
 For core test , all numericals from machines , ps and network theory","Gd was related to ev vehicles good or bad in future , and in interview they asked me topics which I'm excelled in ! My preferred domain was power system, so they've asked me qns related to transformers and transmission lines and company related hr qns","In core side, max power system, control system, network theory,machines",I contacted my seniors for every company and topics to excel for interviews and that's how I've got into it,,,"Maintain good cgpa with enough knowledge on core subjects..not deeply but atleast basics 
When come to non core, do more qns without looking at solutions directly and give contests","Experience type:
Placement

Branch:
Electrical Engineering

Company:
Aditya Birla Group

Role:
Get

Compensation:
7.5

Students recruited:
From electrical..2 and other branches also 2 people eacg

Academic profile:
6.45 cgpa with core projects related to lab course

Projects:
Projects were based on lab cources , they were minor projects given for us in labs nd work done was under professor.

Eligibility:
Eligible branches: Electrical, Chemical, Civil, Metallurgy, Mechanical
Criteria: Cg above 6

Selection procedure:
Included 2 rounds . 1 was gd nd other was interview

Test description:
Test was online mode nd of 45min where there was 30 core related qns , 20 aptitude qns and 10 behaviour qns

Test preparation:
For aptitude..prefer youtube basic aptitude topics 
 For core test , all numericals from machines , ps and network theory

Interview experience:
Gd was related to ev vehicles good or bad in future , and in interview they asked me topics which I'm excelled in ! My preferred domain was power system, so they've asked me qns related to transformers and transmission lines and company related hr qns

Important topics:
In core side, max power system, control system, network theory,machines

Preparation started:
I contacted my seniors for every company and topics to excel for interviews and that's how I've got into it

Advice for juniors:
Maintain good cgpa with enough knowledge on core subjects..not deeply but atleast basics 
When come to non core, do more qns without looking at solutions directly and give contests"
P019,Placement,Chemical Engineering,ExxonMobil,Planning Analyst,13.4 lpa,,4,"CGPA : 7.37 (till 6th semester, when I got placed)
GATE 2024: AIR 665
4 star in Python and 4 star in SQL at Hackerrank, 
Technical skills include: 
Strong knowledge of DSA and OOPS concepts in C++ and Python,
proficient in python, Exploratory data analysis, data visualisation, SQL and machine learning , and experienced with libraries such as pandas, numpy, tensorflow, matplotlib, seaborn, pytorch","My projects were based on Machine Learning, SQL and OOPS concepts.
1. Movie recommender system : Utilized machine learning techniques to develop a personalized recommendation system for movies
2. Hr Dashboard: Created an interactive dashboard using SQL and PowerBI data visualization tools to analyze HR data effectively.
3. Bank Management System: Developed a comprehensive banking application implementing OOP concepts for account and transaction management.

These projects were selected based on my interest in data analysis, machine learning, and practical implementation of programming concepts.","Eligible branches: Chemical, Mechanical
Criteria: CGPA of 7 and above, No active or passive backlogs and branches eligible: chemical and mechanical","The selection procedure included 3 rounds. The first round of test was online and the other two rounds were held in offline mode.
1. An online test
2. Group discussion 
3. Personal Interview","An online test including 60 questions of aptitude to be solved in 60 minute and 30 Questions of core to be solved in 30 minutes.
For group discussion, one group had about 10 people. My topic was ""Are EVs truly the best solution to climate change? "" And the other group's topic was somewhat related to AI.","Practice aptitude from any standard sources available. And about core subjects, revise key concepts from chemical engineering, including heat transfer, mass transfer, fluid dynamics, thermodynamics, chemical technology, and chemical reaction engineering.","The interview was leaned more towards Hr based questions. They were looking for core + technical(analytical) knowledge. Hence others questions were asked from my projects and  skills mentioned in the resume or about my core knowledge and gate score. HRs were friendly and their aim was to understand more about my personality, future goals, and hobbies.",The company expected the candidate to have both core + technical analytical knowledge.,From 3rd semester,,,Start exploring your interests early. Focus on developing relevant skills. Work on building projects. Make your resume more strong and impactful.,"Experience type:
Placement

Branch:
Chemical Engineering

Company:
ExxonMobil

Role:
Planning Analyst

Compensation:
13.4 lpa

Students recruited:
4

Academic profile:
CGPA : 7.37 (till 6th semester, when I got placed)
GATE 2024: AIR 665
4 star in Python and 4 star in SQL at Hackerrank, 
Technical skills include: 
Strong knowledge of DSA and OOPS concepts in C++ and Python,
proficient in python, Exploratory data analysis, data visualisation, SQL and machine learning , and experienced with libraries such as pandas, numpy, tensorflow, matplotlib, seaborn, pytorch

Projects:
My projects were based on Machine Learning, SQL and OOPS concepts.
1. Movie recommender system : Utilized machine learning techniques to develop a personalized recommendation system for movies
2. Hr Dashboard: Created an interactive dashboard using SQL and PowerBI data visualization tools to analyze HR data effectively.
3. Bank Management System: Developed a comprehensive banking application implementing OOP concepts for account and transaction management.

These projects were selected based on my interest in data analysis, machine learning, and practical implementation of programming concepts.

Eligibility:
Eligible branches: Chemical, Mechanical
Criteria: CGPA of 7 and above, No active or passive backlogs and branches eligible: chemical and mechanical

Selection procedure:
The selection procedure included 3 rounds. The first round of test was online and the other two rounds were held in offline mode.
1. An online test
2. Group discussion 
3. Personal Interview

Test description:
An online test including 60 questions of aptitude to be solved in 60 minute and 30 Questions of core to be solved in 30 minutes.
For group discussion, one group had about 10 people. My topic was ""Are EVs truly the best solution to climate change? "" And the other group's topic was somewhat related to AI.

Test preparation:
Practice aptitude from any standard sources available. And about core subjects, revise key concepts from chemical engineering, including heat transfer, mass transfer, fluid dynamics, thermodynamics, chemical technology, and chemical reaction engineering.

Interview experience:
The interview was leaned more towards Hr based questions. They were looking for core + technical(analytical) knowledge. Hence others questions were asked from my projects and  skills mentioned in the resume or about my core knowledge and gate score. HRs were friendly and their aim was to understand more about my personality, future goals, and hobbies.

Important topics:
The company expected the candidate to have both core + technical analytical knowledge.

Preparation started:
From 3rd semester

Advice for juniors:
Start exploring your interests early. Focus on developing relevant skills. Work on building projects. Make your resume more strong and impactful."
P020,Placement,Electrical Engineering,Turing,Data Analyst,10 lpa (Fixed),,2,"Academic Profile
My cgpa is 7.72

Technical skills
Programming Languages: C/C++, HTML/CSS, JavaScript, python
Technologies/Frameworks: Node.js, Express.js, MongoDB, React.js, Git, Github
Coursework: Data Structures & Algorithms, Object-Oriented Programming (OOP), Database Management 
Systems (DBMS), Operating Systems

Projects
1. Homyz | NodeJs, Express, HTML, Tailwind CSS, ReactJs, MongoDB, Google Firebase
• Developed a scalable real estate application using the MERN stack and Google Firebase for secure user 
authentication.
2. Desktop voice assistant using python
3. TweetNinja | NodeJs, Express, HTML, Tailwind CSS, ReactJs, MongoDB LINK 
• Developed a Twitter clone utilizing the MERN stack with real-time tweet functionality.",,"Eligible branches: CSE, ECE, Electrical, Chemical, Civil, Metallurgy, Mechanical
Criteria: Course: B.Tech, M.Tech, M.Sc  Branch: ALL CGPA: 6.0 and above Any other requirements:  1. 60% and above in 10th, 12th and Graduation 2. Candidates should not have any backlogs.","Turing Data Analyst On-Campus Selection Process
1. Profile Shortlisting:
Initial step where candidates' resumes and profiles are reviewed for eligibility.

2. Online Assessment:
Round 1: Aptitude Test
Focuses on logical reasoning, quantitative aptitude, and problem-solving skills.
Non-eliminating round.

Round 2: Python 1
Candidates solve a medium-level data structures and algorithms (DSA) problem in Python.
Eliminating round.

Round 3: Python 2
Advanced assessment of Python programming skills, focusing on complex problem-solving (Hard DSA problem).
Eliminating round.

Round 4: RLHF (Reinforcement Learning with Human Feedback)
Evaluates understanding of reinforcement learning concepts and its practical application.

3. HR Interview Call:
Candidates who clear all assessment rounds are contacted for an HR interview to discuss role expectations, cultural fit, and final selection.","Round 1: Aptitude Test
Focuses on logical reasoning, quantitative aptitude, and problem-solving skills.
Non-eliminating round.

Round 2: Python 1
Candidates solve a medium-level data structures and algorithms (DSA) problem in Python.
Eliminating round.

Round 3: Python 2
Advanced assessment of Python programming skills, focusing on complex problem-solving(Hard DSA problem).
Eliminating round.

Round 4: RLHF (Reinforcement Learning with Human Feedback)
Evaluates understanding of reinforcement learning concepts and its practical application.","Major focus on problem solving in python and communication skills
Focus Areas:
Data structures and Algorithms in python.
Tips:
Practice solving medium-difficulty DSA problems in Python. Write clean, efficient, and well-commented code.","I faced only HR Interview:
A simple and straightforward discussion.
Covered basic questions about my background, career aspirations, and interest in the role. Focused more on cultural fit and my enthusiasm for the role.","Problem solving skill (DSA) in python and communication is the key
I faced one question related to  Sieve of Eratosthenes theorem and one question from Dynamic programming.",I started from 3rd year starting. Before that i have basic knowledge of Data Structure and algorithms.,,,"You should start your placement preparation as early as possible. Begin by focusing on:

1. Problem-Solving Skills:
Dedicate consistent time to practice coding and solving problems on platforms like LeetCode, HackerRank, and Codeforces.
2. Communication Skills:
Work on articulating your thoughts clearly during interviews.
3. Core Computer Science Subjects:
Strengthen concepts in Data Structures, Algorithms, Operating Systems, DBMS, Computer Networks, and OOPs.
4. Consistency:
Keep practicing and revising regularly until you secure a placement.
5. Making projects
Starting early and staying persistent will increase your chances of success.","Experience type:
Placement

Branch:
Electrical Engineering

Company:
Turing

Role:
Data Analyst

Compensation:
10 lpa (Fixed)

Students recruited:
2

Academic profile:
Academic Profile
My cgpa is 7.72

Technical skills
Programming Languages: C/C++, HTML/CSS, JavaScript, python
Technologies/Frameworks: Node.js, Express.js, MongoDB, React.js, Git, Github
Coursework: Data Structures & Algorithms, Object-Oriented Programming (OOP), Database Management 
Systems (DBMS), Operating Systems

Projects
1. Homyz | NodeJs, Express, HTML, Tailwind CSS, ReactJs, MongoDB, Google Firebase
• Developed a scalable real estate application using the MERN stack and Google Firebase for secure user 
authentication.
2. Desktop voice assistant using python
3. TweetNinja | NodeJs, Express, HTML, Tailwind CSS, ReactJs, MongoDB LINK 
• Developed a Twitter clone utilizing the MERN stack with real-time tweet functionality.

Eligibility:
Eligible branches: CSE, ECE, Electrical, Chemical, Civil, Metallurgy, Mechanical
Criteria: Course: B.Tech, M.Tech, M.Sc  Branch: ALL CGPA: 6.0 and above Any other requirements:  1. 60% and above in 10th, 12th and Graduation 2. Candidates should not have any backlogs.

Selection procedure:
Turing Data Analyst On-Campus Selection Process
1. Profile Shortlisting:
Initial step where candidates' resumes and profiles are reviewed for eligibility.

2. Online Assessment:
Round 1: Aptitude Test
Focuses on logical reasoning, quantitative aptitude, and problem-solving skills.
Non-eliminating round.

Round 2: Python 1
Candidates solve a medium-level data structures and algorithms (DSA) problem in Python.
Eliminating round.

Round 3: Python 2
Advanced assessment of Python programming skills, focusing on complex problem-solving (Hard DSA problem).
Eliminating round.

Round 4: RLHF (Reinforcement Learning with Human Feedback)
Evaluates understanding of reinforcement learning concepts and its practical application.

3. HR Interview Call:
Candidates who clear all assessment rounds are contacted for an HR interview to discuss role expectations, cultural fit, and final selection.

Test description:
Round 1: Aptitude Test
Focuses on logical reasoning, quantitative aptitude, and problem-solving skills.
Non-eliminating round.

Round 2: Python 1
Candidates solve a medium-level data structures and algorithms (DSA) problem in Python.
Eliminating round.

Round 3: Python 2
Advanced assessment of Python programming skills, focusing on complex problem-solving(Hard DSA problem).
Eliminating round.

Round 4: RLHF (Reinforcement Learning with Human Feedback)
Evaluates understanding of reinforcement learning concepts and its practical application.

Test preparation:
Major focus on problem solving in python and communication skills
Focus Areas:
Data structures and Algorithms in python.
Tips:
Practice solving medium-difficulty DSA problems in Python. Write clean, efficient, and well-commented code.

Interview experience:
I faced only HR Interview:
A simple and straightforward discussion.
Covered basic questions about my background, career aspirations, and interest in the role. Focused more on cultural fit and my enthusiasm for the role.

Important topics:
Problem solving skill (DSA) in python and communication is the key
I faced one question related to  Sieve of Eratosthenes theorem and one question from Dynamic programming.

Preparation started:
I started from 3rd year starting. Before that i have basic knowledge of Data Structure and algorithms.

Advice for juniors:
You should start your placement preparation as early as possible. Begin by focusing on:

1. Problem-Solving Skills:
Dedicate consistent time to practice coding and solving problems on platforms like LeetCode, HackerRank, and Codeforces.
2. Communication Skills:
Work on articulating your thoughts clearly during interviews.
3. Core Computer Science Subjects:
Strengthen concepts in Data Structures, Algorithms, Operating Systems, DBMS, Computer Networks, and OOPs.
4. Consistency:
Keep practicing and revising regularly until you secure a placement.
5. Making projects
Starting early and staying persistent will increase your chances of success."
P021,Placement,Mechanical Engineering,Bharat Petroleum Corporation Limited,Management Trainee,20.10 LPA,,"5 in Total, 4 from Mechanical and 1 from CSE.","CGPA – 8.23
I completed my summer internship at Halliburton Logging Services Asia Ltd., where I gained valuable industry exposure.
Along with my major project, I have also worked on two minor projects that helped strengthen my practical understanding.
Technical Skills – AutoCAD, Inventor, Fusion 360, MATLAB, and Witness Horizon.","I completed a project on ""Performance and Emission Analysis of Alcohol Blends in a Diesel Engine"" in y third year along with my two friends. We approached Dr. Nikhil Sharma, and he gave us the project. We started the project in October 2023 (5th Semester) and completed it in March 2024 (6th Semester). After the successful completion of that project, we did our Major Project on ""Numerical investigations on Geometrically Modified microchannels for thermo-hydraulic performance enhancement"" in the final year.","Eligible branches: CSE, Electrical, Mechanical
Criteria: Maximum Age limit of 25 years till 01.06.2025.70% and above (or equivalent CGPA and above) in aggregate of all the preceding semesters ( up to latest semester)","The selection process had a total of three rounds. 
The first round was shortlisting based on CGPA. 
In the second round, a technical interview was conducted with a few HR-related questions mixed in. 
The final round was a purely HR round, where the focus was more on my overall journey in college—covering extracurriculars, leadership roles, and the activities I had been a part of throughout.","The interview process had a good balance of technical and soft skills. They asked basic questions from core subjects to check how well we understood the fundamentals. Along with that, they were keen to see how we communicate, stay confident, and deal with practical challenges we might face in a real work environment.","A strong foundation in core subjects from the 2nd and 3rd year is essential. I found the book ""A Handbook of Mechanical Engineering"" quite helpful for quick revisions and concept clarity. Maintaining a good CGPA (preferably above 8) is also important, as shortlisting was done based on academic performance.
In addition to technical knowledge, developing interpersonal skills is equally important. Candidates should also be well-prepared to discuss their internships and projects, as these often become key points of discussion during the interviews.","Round 1 – I was quite relaxed during this round as the interviewers began by asking about my favourite subject. They then asked technical questions based on it to assess my practical understanding. A few tricky questions were thrown in to evaluate how well I could handle pressure and stay composed.

Round 2 – This round focused more on behavioural aspects. The panel tried to gauge our leadership qualities and how we’ve tackled challenging situations. Rather than diving deep into technical details of our projects, they were more interested in our problem-solving approach during internships or academic work.","Heat Transfer, Thermodynamics, Fluid Transfer , Strength of Materials and IC Engines.","I started preparing from the 6th semester, focusing on the core subjects I had studied till then and gradually revising them.",,,"1st year:
Explore as much as you can—both academically and beyond. Take part in fests, sports, and clubs. It’s the best time to figure out what truly interests you. Don’t worry about placements just yet.

2nd year:
If you're aiming for a core domain, this is the time to build a strong foundation. Start focusing on your core subjects, as most of them begin from this year onward.

3rd year:
Try to do at least one solid project—it really helps when applying for internships and placements. Take your internships seriously; the experience you gain plays a big role during placements. Start preparing your core subjects one by one, make notes, and revise them before interviews. Most importantly, stay calm and don’t panic during the process.","Experience type:
Placement

Branch:
Mechanical Engineering

Company:
Bharat Petroleum Corporation Limited

Role:
Management Trainee

Compensation:
20.10 LPA

Students recruited:
5 in Total, 4 from Mechanical and 1 from CSE.

Academic profile:
CGPA – 8.23
I completed my summer internship at Halliburton Logging Services Asia Ltd., where I gained valuable industry exposure.
Along with my major project, I have also worked on two minor projects that helped strengthen my practical understanding.
Technical Skills – AutoCAD, Inventor, Fusion 360, MATLAB, and Witness Horizon.

Projects:
I completed a project on ""Performance and Emission Analysis of Alcohol Blends in a Diesel Engine"" in y third year along with my two friends. We approached Dr. Nikhil Sharma, and he gave us the project. We started the project in October 2023 (5th Semester) and completed it in March 2024 (6th Semester). After the successful completion of that project, we did our Major Project on ""Numerical investigations on Geometrically Modified microchannels for thermo-hydraulic performance enhancement"" in the final year.

Eligibility:
Eligible branches: CSE, Electrical, Mechanical
Criteria: Maximum Age limit of 25 years till 01.06.2025.70% and above (or equivalent CGPA and above) in aggregate of all the preceding semesters ( up to latest semester)

Selection procedure:
The selection process had a total of three rounds. 
The first round was shortlisting based on CGPA. 
In the second round, a technical interview was conducted with a few HR-related questions mixed in. 
The final round was a purely HR round, where the focus was more on my overall journey in college—covering extracurriculars, leadership roles, and the activities I had been a part of throughout.

Test description:
The interview process had a good balance of technical and soft skills. They asked basic questions from core subjects to check how well we understood the fundamentals. Along with that, they were keen to see how we communicate, stay confident, and deal with practical challenges we might face in a real work environment.

Test preparation:
A strong foundation in core subjects from the 2nd and 3rd year is essential. I found the book ""A Handbook of Mechanical Engineering"" quite helpful for quick revisions and concept clarity. Maintaining a good CGPA (preferably above 8) is also important, as shortlisting was done based on academic performance.
In addition to technical knowledge, developing interpersonal skills is equally important. Candidates should also be well-prepared to discuss their internships and projects, as these often become key points of discussion during the interviews.

Interview experience:
Round 1 – I was quite relaxed during this round as the interviewers began by asking about my favourite subject. They then asked technical questions based on it to assess my practical understanding. A few tricky questions were thrown in to evaluate how well I could handle pressure and stay composed.

Round 2 – This round focused more on behavioural aspects. The panel tried to gauge our leadership qualities and how we’ve tackled challenging situations. Rather than diving deep into technical details of our projects, they were more interested in our problem-solving approach during internships or academic work.

Important topics:
Heat Transfer, Thermodynamics, Fluid Transfer , Strength of Materials and IC Engines.

Preparation started:
I started preparing from the 6th semester, focusing on the core subjects I had studied till then and gradually revising them.

Advice for juniors:
1st year:
Explore as much as you can—both academically and beyond. Take part in fests, sports, and clubs. It’s the best time to figure out what truly interests you. Don’t worry about placements just yet.

2nd year:
If you're aiming for a core domain, this is the time to build a strong foundation. Start focusing on your core subjects, as most of them begin from this year onward.

3rd year:
Try to do at least one solid project—it really helps when applying for internships and placements. Take your internships seriously; the experience you gain plays a big role during placements. Start preparing your core subjects one by one, make notes, and revise them before interviews. Most importantly, stay calm and don’t panic during the process."
P022,Placement,Mechanical Engineering,HPCL (PAN India),Officer Engineering,17.7 LPA,,8 (5 from Mechanical and 3 from Electrical),"9.58 CGPA

Work experience : 

Research Intern Summer Intern’25
Summer Research Fellowship Program-IIT Delhi | New Delhi, India
– Evaluated Mechanical Properties and Formability of 15-5 WPH Stainless Steel
– Selected from 500+ students across premier engineering institutes for specialized research internship at IIT Delhi
– Conducted comprehensive mechanical testing using ASTM E8 standards, hydraulic bulge testing apparatus, and optical
microscopy for microstructural analysis
– Implemented DynaForm simulations to evaluate formability and stress distribution, delivered a material characterization
report supporting space-grade exhaust system design

Projects : 

1) Design of a Multi-Speed Gearbox for an Agricultural Tractor April 2025
Course Project | MNIT Jaipur
– Developed lightweight, high-efficiency transmission system for agricultural applications
– Engineered 4F+1R sliding mesh gearbox with modular layout architecture optimized for field operations
– Performed finite element analysis on gear components using Abaqus CAE software and selected 20MnCr5 alloy steel for
enhanced durability
– Achieved >85% transmission efficiency and reduced overall weight by 30 kg compared to conventional designs

2) Ergonomic Adjustable Laptop Desk February 2025
Course Project | MNIT Jaipur
– Addressed ergonomic deficiencies and pricing gaps in portable workspace solutions
– Conducted comprehensive user research through 30+ structured interviews to identify pain points and requirements
– Developed dual-surface adjustable desk prototype incorporating Quality Function Deployment (QFD) methodology
– Validated design achieving 4.86/5 user satisfaction score and established competitive pricing strategy of INR 1,000–1,500

3) OPJEMS Finalist – O.P. Jindal Engineering & Management Scholarship September 2024
Competitive Corporate Scholarship | MNIT Jaipur
– Proposed innovative sustainable metallurgical processes for iron production
– Advanced to finalist stage among 1,345+ applicants with hydrogen plasma reduction technology proposal
– Presented comprehensive solution to industry expert panel, demonstrating cross-functional technical expertise and innovation
potential

Tools & Software : SolidWorks, AutoCAD, Abaqus, Python, SQL, Excel
Management Foundations: HRM, Organizational Behavior, Business Environment, Marketing, Finance
Project & Field Management: Project Planning, KPI Tracking, Cost & Time Optimization, Risk Mitigation, Cross-functional
Collaboration, Stakeholder Management, Leadership, Team Coordination
Mechanical : Thermal, Industrial, Production, and Design Engineering",,"Eligible branches: Electrical, Mechanical
Criteria: Minimum 65% marks (6.5 CGPA) for UR/OBCNC/EWS and                                                                                               55%marks (5.5 CGPA)  for SC/ST/PwBD candidates","There were two rounds in total. For the Group Task, students were shortlisted based on their GPA. After that, the Group Task was conducted, followed by the Technical and HR Interview.","The first round was a group task where we had to reach common conclusions as a team. The second round consisted of a Technical and HR Interview. In this round, questions were mainly based on Thermodynamics, Solid Mechanics, and Fluid Mechanics, along with several HR-related questions.","One can prepare for the Group Task and Interview through platforms like Yourpedia (I personally prepared through it). For the Technical round, study your core subjects thoroughly. For instance, in Mechanical Engineering, focus on Solid Mechanics, Thermodynamics, Fluid Mechanics, IC Engines, and Turbomachinery, especially for Oil and Gas PSUs such as BPCL, HPCL, and GAIL.

For the HR round, I would suggest preparing commonly asked questions such as “Why do you want to join a PSU instead of an MNC?” and “Why particularly HPCL?” Frame your answers in alignment with the company’s mission and vision.","Try to highlight yourself in the Group Task by contributing valid points, allowing everyone to speak, and mediating when necessary. You can also take the initiative to start the discussion or conclude it — these actions can easily differentiate you from the rest of your peers.","Since HPCL is an Oil and Gas PSU that primarily hires for the management cadre, they look for candidates with strong communication skills and confident personalities. Apart from this, thorough preparation in the mentioned technical subjects and standard HR questions would be sufficient.",I started preparing from my start of 6th Semester.,,,"In your first year, explore as much as possible try new things, discover your interests, and decide whether you want to pursue a core or non-core career path, all while maintaining a decent GPA. Remember, GPA plays a crucial role in the shortlisting process during placements.

In your second year, start focusing on your chosen domain and build a strong foundation in it. By the third year, begin your placement preparation with clarity and consistency. Don’t overwhelm yourself by trying to do everything at once — focus on one thing at a time, give it your best, and trust the process.","Experience type:
Placement

Branch:
Mechanical Engineering

Company:
HPCL (PAN India)

Role:
Officer Engineering

Compensation:
17.7 LPA

Students recruited:
8 (5 from Mechanical and 3 from Electrical)

Academic profile:
9.58 CGPA

Work experience : 

Research Intern Summer Intern’25
Summer Research Fellowship Program-IIT Delhi | New Delhi, India
– Evaluated Mechanical Properties and Formability of 15-5 WPH Stainless Steel
– Selected from 500+ students across premier engineering institutes for specialized research internship at IIT Delhi
– Conducted comprehensive mechanical testing using ASTM E8 standards, hydraulic bulge testing apparatus, and optical
microscopy for microstructural analysis
– Implemented DynaForm simulations to evaluate formability and stress distribution, delivered a material characterization
report supporting space-grade exhaust system design

Projects : 

1) Design of a Multi-Speed Gearbox for an Agricultural Tractor April 2025
Course Project | MNIT Jaipur
– Developed lightweight, high-efficiency transmission system for agricultural applications
– Engineered 4F+1R sliding mesh gearbox with modular layout architecture optimized for field operations
– Performed finite element analysis on gear components using Abaqus CAE software and selected 20MnCr5 alloy steel for
enhanced durability
– Achieved >85% transmission efficiency and reduced overall weight by 30 kg compared to conventional designs

2) Ergonomic Adjustable Laptop Desk February 2025
Course Project | MNIT Jaipur
– Addressed ergonomic deficiencies and pricing gaps in portable workspace solutions
– Conducted comprehensive user research through 30+ structured interviews to identify pain points and requirements
– Developed dual-surface adjustable desk prototype incorporating Quality Function Deployment (QFD) methodology
– Validated design achieving 4.86/5 user satisfaction score and established competitive pricing strategy of INR 1,000–1,500

3) OPJEMS Finalist – O.P. Jindal Engineering & Management Scholarship September 2024
Competitive Corporate Scholarship | MNIT Jaipur
– Proposed innovative sustainable metallurgical processes for iron production
– Advanced to finalist stage among 1,345+ applicants with hydrogen plasma reduction technology proposal
– Presented comprehensive solution to industry expert panel, demonstrating cross-functional technical expertise and innovation
potential

Tools & Software : SolidWorks, AutoCAD, Abaqus, Python, SQL, Excel
Management Foundations: HRM, Organizational Behavior, Business Environment, Marketing, Finance
Project & Field Management: Project Planning, KPI Tracking, Cost & Time Optimization, Risk Mitigation, Cross-functional
Collaboration, Stakeholder Management, Leadership, Team Coordination
Mechanical : Thermal, Industrial, Production, and Design Engineering

Eligibility:
Eligible branches: Electrical, Mechanical
Criteria: Minimum 65% marks (6.5 CGPA) for UR/OBCNC/EWS and                                                                                               55%marks (5.5 CGPA)  for SC/ST/PwBD candidates

Selection procedure:
There were two rounds in total. For the Group Task, students were shortlisted based on their GPA. After that, the Group Task was conducted, followed by the Technical and HR Interview.

Test description:
The first round was a group task where we had to reach common conclusions as a team. The second round consisted of a Technical and HR Interview. In this round, questions were mainly based on Thermodynamics, Solid Mechanics, and Fluid Mechanics, along with several HR-related questions.

Test preparation:
One can prepare for the Group Task and Interview through platforms like Yourpedia (I personally prepared through it). For the Technical round, study your core subjects thoroughly. For instance, in Mechanical Engineering, focus on Solid Mechanics, Thermodynamics, Fluid Mechanics, IC Engines, and Turbomachinery, especially for Oil and Gas PSUs such as BPCL, HPCL, and GAIL.

For the HR round, I would suggest preparing commonly asked questions such as “Why do you want to join a PSU instead of an MNC?” and “Why particularly HPCL?” Frame your answers in alignment with the company’s mission and vision.

Interview experience:
Try to highlight yourself in the Group Task by contributing valid points, allowing everyone to speak, and mediating when necessary. You can also take the initiative to start the discussion or conclude it — these actions can easily differentiate you from the rest of your peers.

Important topics:
Since HPCL is an Oil and Gas PSU that primarily hires for the management cadre, they look for candidates with strong communication skills and confident personalities. Apart from this, thorough preparation in the mentioned technical subjects and standard HR questions would be sufficient.

Preparation started:
I started preparing from my start of 6th Semester.

Advice for juniors:
In your first year, explore as much as possible try new things, discover your interests, and decide whether you want to pursue a core or non-core career path, all while maintaining a decent GPA. Remember, GPA plays a crucial role in the shortlisting process during placements.

In your second year, start focusing on your chosen domain and build a strong foundation in it. By the third year, begin your placement preparation with clarity and consistency. Don’t overwhelm yourself by trying to do everything at once — focus on one thing at a time, give it your best, and trust the process."
P023,Placement,Electrical Engineering,BPCL (Pan India),Management trainee,20.45 LPA,,17,"8.68 CGPA 
Leadership and teamwork qualities are more important.
For improving technical skills/ core knowledge i started preparing for GATE.",,"Eligible branches: Electrical, Chemical, Civil, Mechanical
Criteria: 7 cgpa for gen,ews,obc and 6 cgpa for sc,st",Two rounds of interview only,,,"First round- 
about family, 
projects,internship- what is your role in project, what learn from it
About minor specialization in sustainable energy, situation based que, about bpcl
Second round-
About extra curricular activities, position 
What is your role,and extra initiative that you take in that club.
Anyone one failure that didn't work for you
( They want to know that actually you you are ready to take initiative and ready to work in any situation)","Core subjects- Electrical machine, power system",From third year,,,"Not left the learning phase of jee mains exam and just continue that in college also.
Always start early and focus on overall development of personality.
Maintain cgpa atleast 7.","Experience type:
Placement

Branch:
Electrical Engineering

Company:
BPCL (Pan India)

Role:
Management trainee

Compensation:
20.45 LPA

Students recruited:
17

Academic profile:
8.68 CGPA 
Leadership and teamwork qualities are more important.
For improving technical skills/ core knowledge i started preparing for GATE.

Eligibility:
Eligible branches: Electrical, Chemical, Civil, Mechanical
Criteria: 7 cgpa for gen,ews,obc and 6 cgpa for sc,st

Selection procedure:
Two rounds of interview only

Interview experience:
First round- 
about family, 
projects,internship- what is your role in project, what learn from it
About minor specialization in sustainable energy, situation based que, about bpcl
Second round-
About extra curricular activities, position 
What is your role,and extra initiative that you take in that club.
Anyone one failure that didn't work for you
( They want to know that actually you you are ready to take initiative and ready to work in any situation)

Important topics:
Core subjects- Electrical machine, power system

Preparation started:
From third year

Advice for juniors:
Not left the learning phase of jee mains exam and just continue that in college also.
Always start early and focus on overall development of personality.
Maintain cgpa atleast 7."
P024,Placement,Electronics and Communication Engineering,InfoEdge,SDE,14.5 LPA,,2,"At the time of my selection, my CGPA was 8.04, reflecting steady academic performance. I regularly built small projects to apply newly learned skills and occasionally sought guidance from experienced peers to enhance my understanding. I completed courses in Web Development, Data Structures and Algorithms (DSA), and Core CS subjects, along with introductory AI and ML modules. Additionally, I gained industry exposure as an SDE Intern at the Indian Air Force, Jaipur, where I applied my technical knowledge in a practical environment.",,"Eligible branches: CSE, ECE, Electrical
Criteria: CGPA>=7","The selection process began with an online assessment, followed by an online interview from the PT cell. After successfully clearing these stages, I was invited to the company’s Noida office for the subsequent three rounds of in-person interviews.","The online assessment comprised 60 MCQs from core CS subjects, followed by two DSA coding problems — one of moderate difficulty and the other more challenging.
The first interview focused on the projects mentioned in the resume and easy to moderate DSA problems, with particular emphasis on addressing edge cases and error handling.
The second interview was considerably more demanding, featuring situation-based DSA questions, along with discussions on CS core concepts and a deeper exploration of the projects listed in the resume.
The third interview evaluated basic coding skills, as well as teamwork, leadership qualities, and alignment with the company’s culture and vision, serving as a preliminary check before the HR round.
The final HR round assessed communication skills, confidence, and company-related awareness through standard HR questions.","For the online assessment, it is essential to have a strong grasp of core CS fundamentals and be well-prepared with LeetCode hard-level problems, particularly those based on strings, dynamic programming (DP), and graphs.","My interview experience was both challenging and insightful. The process tested not only my technical depth in DSA and core CS concepts but also my problem-solving approach and clarity of thought. I was asked several conceptual and scenario-based questions, particularly around my projects, which allowed me to demonstrate practical understanding. The interviewers also assessed my attention to detail, especially in handling edge cases and debugging logic. Overall, it was a great learning experience that helped me identify my strengths and areas for improvement while showcasing my passion for coding and teamwork.","Data Structures and Algorithms, Operating Systems, Database Management Systems (DBMS), Computer Networks, and Computer Architecture","I started preparing for placements after completing my second year, with the summer vacations playing a major role in giving me dedicated time to strengthen my skills and focus on preparation.",,,"For first-year students, my key advice would be to maintain a strong CGPA and actively participate in clubs. Attend at least one or two placement talks, engage with your seniors, and explore different domains to identify your areas of interest early on.

For second-year students, it is important to continue maintaining a strong CGPA while beginning to explore the field or domain of your interest. Don’t step back from club activities, as this period is crucial for developing teamwork and leadership skills, along with enhancing confidence and communication abilities. Most importantly, start practicing problems on platforms like Coding Ninjas or LeetCode to strengthen your problem-solving skills early on.

For third-year students, consistency and strong projects are key—even a single day of effort can make a noticeable difference. The internship season may feel discouraging at times, but it’s important to remember that the ultimate goal is placement. Stay motivated, and keep practicing interview skills—including self-introduction, explaining your projects, and improving confidence and fluency in communication.","Experience type:
Placement

Branch:
Electronics and Communication Engineering

Company:
InfoEdge

Role:
SDE

Compensation:
14.5 LPA

Students recruited:
2

Academic profile:
At the time of my selection, my CGPA was 8.04, reflecting steady academic performance. I regularly built small projects to apply newly learned skills and occasionally sought guidance from experienced peers to enhance my understanding. I completed courses in Web Development, Data Structures and Algorithms (DSA), and Core CS subjects, along with introductory AI and ML modules. Additionally, I gained industry exposure as an SDE Intern at the Indian Air Force, Jaipur, where I applied my technical knowledge in a practical environment.

Eligibility:
Eligible branches: CSE, ECE, Electrical
Criteria: CGPA>=7

Selection procedure:
The selection process began with an online assessment, followed by an online interview from the PT cell. After successfully clearing these stages, I was invited to the company’s Noida office for the subsequent three rounds of in-person interviews.

Test description:
The online assessment comprised 60 MCQs from core CS subjects, followed by two DSA coding problems — one of moderate difficulty and the other more challenging.
The first interview focused on the projects mentioned in the resume and easy to moderate DSA problems, with particular emphasis on addressing edge cases and error handling.
The second interview was considerably more demanding, featuring situation-based DSA questions, along with discussions on CS core concepts and a deeper exploration of the projects listed in the resume.
The third interview evaluated basic coding skills, as well as teamwork, leadership qualities, and alignment with the company’s culture and vision, serving as a preliminary check before the HR round.
The final HR round assessed communication skills, confidence, and company-related awareness through standard HR questions.

Test preparation:
For the online assessment, it is essential to have a strong grasp of core CS fundamentals and be well-prepared with LeetCode hard-level problems, particularly those based on strings, dynamic programming (DP), and graphs.

Interview experience:
My interview experience was both challenging and insightful. The process tested not only my technical depth in DSA and core CS concepts but also my problem-solving approach and clarity of thought. I was asked several conceptual and scenario-based questions, particularly around my projects, which allowed me to demonstrate practical understanding. The interviewers also assessed my attention to detail, especially in handling edge cases and debugging logic. Overall, it was a great learning experience that helped me identify my strengths and areas for improvement while showcasing my passion for coding and teamwork.

Important topics:
Data Structures and Algorithms, Operating Systems, Database Management Systems (DBMS), Computer Networks, and Computer Architecture

Preparation started:
I started preparing for placements after completing my second year, with the summer vacations playing a major role in giving me dedicated time to strengthen my skills and focus on preparation.

Advice for juniors:
For first-year students, my key advice would be to maintain a strong CGPA and actively participate in clubs. Attend at least one or two placement talks, engage with your seniors, and explore different domains to identify your areas of interest early on.

For second-year students, it is important to continue maintaining a strong CGPA while beginning to explore the field or domain of your interest. Don’t step back from club activities, as this period is crucial for developing teamwork and leadership skills, along with enhancing confidence and communication abilities. Most importantly, start practicing problems on platforms like Coding Ninjas or LeetCode to strengthen your problem-solving skills early on.

For third-year students, consistency and strong projects are key—even a single day of effort can make a noticeable difference. The internship season may feel discouraging at times, but it’s important to remember that the ultimate goal is placement. Stay motivated, and keep practicing interview skills—including self-introduction, explaining your projects, and improving confidence and fluency in communication."
P025,Placement,Mechanical Engineering,ICICI Bank,Deputy Manager,12 lpa,,14,"CGPA- 7.16
My intern was at National Bearings Company (a bearing manufacturing plant) and it wasn't mentioned in my resume as it didn't aligned with the role.

My projects were related to data analytics where I processed datasets using Python and SQL, built ETL pipelines on AWS, and created dashboards using Streamlit.
Have also worked on ML projects using Python, Pandas, and scikit-learn, applying algorithms like Logistic Regression, Random Forest, and XGBoost with data preprocessing, feature engineering, and model evaluation.",,"Eligible branches: CSE, ECE, Electrical, Chemical, Civil, Mechanical
Criteria: There wasn't any such eligibility criteria. All branches of B.Tech were allowed expect Metallurgy.","Resume shortlisting- around half of the candidates were shortlisted.
It was followed by a tech. test and then PI.","There was a MCQ type technical test and not aptitude test. 
The questions were from every possible topic; Database, system design, computer networks, Python, C++, Machine Learning and Java.
Though the questions weren't that tough, anyone with moderate level of knowledge of these topics could have attempted those mcqs.",Basic knowledge of the topics listed above along with a go through over pyqs because the pattern is always similar and a few questions even repeats.,"There was one round of interview. During interview, we were asked to explain all the projects mentioned in the resume and they did few cross questioning.
They did asked about the intern as well even though it wasn't mentioned in my resume.
There were some HR questions as well; 
why do you wanna work in a bank, why ICICI, a few questions from PORs, situation based questions and so on.
If you have prepared your resume well enough along with HR questions, then you ain't gonna find interview that difficult.","Based on my experience, I would suggest DBMS, SQL, Python, basics of DSA and ML.",In the beginning of 5th semester.,,,"If you want to have a good placement then start preparing for it without any delay; the later you start the more you will regret during placements.
Work on your communication (actually very imp.), improve your CGPA, and do practice everyday; be it DSA, SQL, Core or anything that you want to pursue your career into.
Clubs and societies ain't gonna give you a placement, your academics will.","Experience type:
Placement

Branch:
Mechanical Engineering

Company:
ICICI Bank

Role:
Deputy Manager

Compensation:
12 lpa

Students recruited:
14

Academic profile:
CGPA- 7.16
My intern was at National Bearings Company (a bearing manufacturing plant) and it wasn't mentioned in my resume as it didn't aligned with the role.

My projects were related to data analytics where I processed datasets using Python and SQL, built ETL pipelines on AWS, and created dashboards using Streamlit.
Have also worked on ML projects using Python, Pandas, and scikit-learn, applying algorithms like Logistic Regression, Random Forest, and XGBoost with data preprocessing, feature engineering, and model evaluation.

Eligibility:
Eligible branches: CSE, ECE, Electrical, Chemical, Civil, Mechanical
Criteria: There wasn't any such eligibility criteria. All branches of B.Tech were allowed expect Metallurgy.

Selection procedure:
Resume shortlisting- around half of the candidates were shortlisted.
It was followed by a tech. test and then PI.

Test description:
There was a MCQ type technical test and not aptitude test. 
The questions were from every possible topic; Database, system design, computer networks, Python, C++, Machine Learning and Java.
Though the questions weren't that tough, anyone with moderate level of knowledge of these topics could have attempted those mcqs.

Test preparation:
Basic knowledge of the topics listed above along with a go through over pyqs because the pattern is always similar and a few questions even repeats.

Interview experience:
There was one round of interview. During interview, we were asked to explain all the projects mentioned in the resume and they did few cross questioning.
They did asked about the intern as well even though it wasn't mentioned in my resume.
There were some HR questions as well; 
why do you wanna work in a bank, why ICICI, a few questions from PORs, situation based questions and so on.
If you have prepared your resume well enough along with HR questions, then you ain't gonna find interview that difficult.

Important topics:
Based on my experience, I would suggest DBMS, SQL, Python, basics of DSA and ML.

Preparation started:
In the beginning of 5th semester.

Advice for juniors:
If you want to have a good placement then start preparing for it without any delay; the later you start the more you will regret during placements.
Work on your communication (actually very imp.), improve your CGPA, and do practice everyday; be it DSA, SQL, Core or anything that you want to pursue your career into.
Clubs and societies ain't gonna give you a placement, your academics will."
P026,Placement,Chemical Engineering,Blue Matter Consulting India Private Limited,Analyst,12LPA,,5,"7.35

Summer Internship in the field of Management and Entrepreneurship  - SME IIT Jodhpur          
1. Contributed to product and market research with focus on legal and ethical aspects in the FMCG domain.
2. Co-authored a case study on Patanjali Ltd.'s advertising disputes.
3. Gained insights into startup ecosystems through field exposure at TISC, IIT Jodhpur

Hydrothermal Liquefaction (HTL) Research and Process Optimization May 2025-July 2025 
1. Reviewed 70+ research papers and curated a standardized Hydrothermal Liquefaction (HTL) dataset with 700+ experimental data points.
2. Designed, implemented, and evaluated 8 advanced machine learning models, improving predictive accuracy and enhancing process optimization efficiency in HTL.


Technical Skills
My SQL
Python
DW-sim
Data Visualization
Power Bi
MS Excel
Aspen Plus",,"Eligible branches: CSE, ECE, Electrical, Chemical, Civil, Metallurgy, Mechanical, Architechture
Criteria: no as such criteria as all branch were allowed and no cgpa restrictions were there","1. Pre-Placement talks
2. Aptitude Test
3. Case Study Round(Case study solving + Interview)
4.  Personal Interview(Hr + Technical in an single interview)","The test was entirely aptitude-based and had a duration of approximately one hour. It included a mix of quantitative aptitude, logical reasoning, and verbal ability questions designed to assess analytical thinking, problem-solving skills, and time management.","To prepare for such aptitude-based tests, one should regularly practice quantitative aptitude, logical reasoning, and verbal ability questions using standard aptitude books and online platforms. Websites like GeeksforGeeks (GFG) are especially helpful, as they provide structured practice questions, explanations, and mock tests. Practicing within a fixed time limit is important to improve both speed and accuracy. Strengthening basic mathematical concepts, improving reading comprehension, and solving puzzles can further enhance analytical skills. Preparing for these tests not only helps for Blue Matters, but also proves beneficial for almost all company recruitment exams.","There were two rounds of interviews.

1. Case Interview Round:
Before the interview, we were given a case study containing around four analytical questions. We had about an hour to analyze the case, solve the questions, and prepare notes. During the interview, I discussed each question with the interviewer, presented my solutions, and received feedback. It was a very interactive and discussion-based round where we collaboratively arrived at the best possible approaches. Toward the end, the interviewer also asked about my hobbies and extracurricular positions of responsibility.

2. Personal Interview (HR) Round:
This round included around 4–5 high-level aptitude and guesstimate questions. I was also asked why I wanted to join Blue Matter, followed by discussions on my projects and internships. A few questions related to my technical skills were also asked in this round. Overall, the interview process was engaging, analytical, and conversational in nature.","The company expects candidates to have strong basic concepts and good problem-solving ability rather than just mugged-up knowledge.

Good command over aptitude, logical reasoning, and analytical thinking is important since many evaluations focus on how you think and approach problems.

For SDE roles, they look for understanding of data structures & algorithms, coding concepts, OOPs, DBMS, and OS basics.

For Data/Analytics roles, having clarity in statistics, probability, SQL, Excel, Python/R basics, and the ability to understand and interpret data really helps.

They value candidates who can break down problems logically, explain their thoughts clearly, and communicate confidently.

Being aware of industry trends, showing interest in learning, and having a growth mindset also creates a strong positive impression.","Being honest, I seriously started preparing for placements during the summer vacations after my 3rd year.",,,"For 1st Years:

Explore as many fields as you can — coding, management, clubs, research, or anything that genuinely interests you.

Focus on building a good CGPA from the beginning, because it’s much easier to maintain now than fixing it later.

Work on developing basic skills like communication, teamwork, and confidence.

For 2nd Years:

Start shortlisting your interests and try to gain some real depth in those areas.

Work on skills relevant to your target roles — coding practice, analytics tools, domain knowledge, etc.

Try doing small projects, internships, or meaningful work that helps build your profile.

If your CGPA is below 7, try to bring it to 7+. If it’s in the range of 7–7.5, aim to push it higher.

For 3rd Years:

This is the time to get serious and structured with preparation.

Focus on aptitude, interview preparation, and strengthening your core concepts.

Build a strong resume, work on impactful projects, and stay consistent — this phase really matters.

Try to maintain your CGPA (preferably 7 or 7.5+). If it’s lower, put in effort to improve it as much as possible.

One common advice for all years:
Stay involved in extracurricular activities — whether it’s fests, clubs, sports, or any other platform that suits you. These experiences not only help in personal growth but also give you learning, exposure, and friendships that stay with you for life.","Experience type:
Placement

Branch:
Chemical Engineering

Company:
Blue Matter Consulting India Private Limited

Role:
Analyst

Compensation:
12LPA

Students recruited:
5

Academic profile:
7.35

Summer Internship in the field of Management and Entrepreneurship  - SME IIT Jodhpur          
1. Contributed to product and market research with focus on legal and ethical aspects in the FMCG domain.
2. Co-authored a case study on Patanjali Ltd.'s advertising disputes.
3. Gained insights into startup ecosystems through field exposure at TISC, IIT Jodhpur

Hydrothermal Liquefaction (HTL) Research and Process Optimization May 2025-July 2025 
1. Reviewed 70+ research papers and curated a standardized Hydrothermal Liquefaction (HTL) dataset with 700+ experimental data points.
2. Designed, implemented, and evaluated 8 advanced machine learning models, improving predictive accuracy and enhancing process optimization efficiency in HTL.


Technical Skills
My SQL
Python
DW-sim
Data Visualization
Power Bi
MS Excel
Aspen Plus

Eligibility:
Eligible branches: CSE, ECE, Electrical, Chemical, Civil, Metallurgy, Mechanical, Architechture
Criteria: no as such criteria as all branch were allowed and no cgpa restrictions were there

Selection procedure:
1. Pre-Placement talks
2. Aptitude Test
3. Case Study Round(Case study solving + Interview)
4.  Personal Interview(Hr + Technical in an single interview)

Test description:
The test was entirely aptitude-based and had a duration of approximately one hour. It included a mix of quantitative aptitude, logical reasoning, and verbal ability questions designed to assess analytical thinking, problem-solving skills, and time management.

Test preparation:
To prepare for such aptitude-based tests, one should regularly practice quantitative aptitude, logical reasoning, and verbal ability questions using standard aptitude books and online platforms. Websites like GeeksforGeeks (GFG) are especially helpful, as they provide structured practice questions, explanations, and mock tests. Practicing within a fixed time limit is important to improve both speed and accuracy. Strengthening basic mathematical concepts, improving reading comprehension, and solving puzzles can further enhance analytical skills. Preparing for these tests not only helps for Blue Matters, but also proves beneficial for almost all company recruitment exams.

Interview experience:
There were two rounds of interviews.

1. Case Interview Round:
Before the interview, we were given a case study containing around four analytical questions. We had about an hour to analyze the case, solve the questions, and prepare notes. During the interview, I discussed each question with the interviewer, presented my solutions, and received feedback. It was a very interactive and discussion-based round where we collaboratively arrived at the best possible approaches. Toward the end, the interviewer also asked about my hobbies and extracurricular positions of responsibility.

2. Personal Interview (HR) Round:
This round included around 4–5 high-level aptitude and guesstimate questions. I was also asked why I wanted to join Blue Matter, followed by discussions on my projects and internships. A few questions related to my technical skills were also asked in this round. Overall, the interview process was engaging, analytical, and conversational in nature.

Important topics:
The company expects candidates to have strong basic concepts and good problem-solving ability rather than just mugged-up knowledge.

Good command over aptitude, logical reasoning, and analytical thinking is important since many evaluations focus on how you think and approach problems.

For SDE roles, they look for understanding of data structures & algorithms, coding concepts, OOPs, DBMS, and OS basics.

For Data/Analytics roles, having clarity in statistics, probability, SQL, Excel, Python/R basics, and the ability to understand and interpret data really helps.

They value candidates who can break down problems logically, explain their thoughts clearly, and communicate confidently.

Being aware of industry trends, showing interest in learning, and having a growth mindset also creates a strong positive impression.

Preparation started:
Being honest, I seriously started preparing for placements during the summer vacations after my 3rd year.

Advice for juniors:
For 1st Years:

Explore as many fields as you can — coding, management, clubs, research, or anything that genuinely interests you.

Focus on building a good CGPA from the beginning, because it’s much easier to maintain now than fixing it later.

Work on developing basic skills like communication, teamwork, and confidence.

For 2nd Years:

Start shortlisting your interests and try to gain some real depth in those areas.

Work on skills relevant to your target roles — coding practice, analytics tools, domain knowledge, etc.

Try doing small projects, internships, or meaningful work that helps build your profile.

If your CGPA is below 7, try to bring it to 7+. If it’s in the range of 7–7.5, aim to push it higher.

For 3rd Years:

This is the time to get serious and structured with preparation.

Focus on aptitude, interview preparation, and strengthening your core concepts.

Build a strong resume, work on impactful projects, and stay consistent — this phase really matters.

Try to maintain your CGPA (preferably 7 or 7.5+). If it’s lower, put in effort to improve it as much as possible.

One common advice for all years:
Stay involved in extracurricular activities — whether it’s fests, clubs, sports, or any other platform that suits you. These experiences not only help in personal growth but also give you learning, exposure, and friendships that stay with you for life."
P027,Placement,Chemical Engineering,Tower Research Capital,Core Engineering Intern,Not disclosed yet,,1,"8.35, 2 internships at startups(one swe, other ML), have projects on observability setup, distributed cache library and custom load balancer, never attended any training program or workshop, tech skills may include Java,distributed systems, springboot, docker, etc","Observability setup I made as home assignment for an off campus intern(wasn't selected in that) and refined it later, in 5th sem. Distributed cache I made in 6th sem, while studying about distributed systems.","Eligible branches: CSE
Criteria: Cgpa 8+, only cse and other branches having minor in cse","Resume shortlisting, 3 rounds of interviews, 2 tech and 1 hiring manager round","There was no OA, however interviews had DSA equal to leetcode medium to hard and required LLD knowledge along with implementation and solid knowledge of cse core subs, along with system design.","Focus on CP, cse core subs, LLD and HLD along with system design. Leaving even one part out could be fatal in interviews.","Started with DSA, moved to core cse questions, including OS, CN, and DBMS, had to write basic SQL queries also, and about sharding and paritioning. Second round was focused on LLD, implementation of a coffee machine. Vast and in depth knowledge was required.","All the core cse subs, ie, OS, DBMS, CN, computer architecture(not asked directly, but helps a lot when understanding things from an engineering point of view)",5th sem,,,"For first yearites, focus on getting a good CGPA and get solid understanding of one programming knowledge,  whichever it might be, Java, cpp or python, and start with basics of CP.
For 2nd yearites, focus on CP and DSA heavily, and start learning about backend development.
For 3rd yearites, focus on expanding your knowledge and going deep with the knowledge.

As a general advice, try to get as deep knowledge as possible about core subs.","Experience type:
Placement

Branch:
Chemical Engineering

Company:
Tower Research Capital

Role:
Core Engineering Intern

Compensation:
Not disclosed yet

Students recruited:
1

Academic profile:
8.35, 2 internships at startups(one swe, other ML), have projects on observability setup, distributed cache library and custom load balancer, never attended any training program or workshop, tech skills may include Java,distributed systems, springboot, docker, etc

Projects:
Observability setup I made as home assignment for an off campus intern(wasn't selected in that) and refined it later, in 5th sem. Distributed cache I made in 6th sem, while studying about distributed systems.

Eligibility:
Eligible branches: CSE
Criteria: Cgpa 8+, only cse and other branches having minor in cse

Selection procedure:
Resume shortlisting, 3 rounds of interviews, 2 tech and 1 hiring manager round

Test description:
There was no OA, however interviews had DSA equal to leetcode medium to hard and required LLD knowledge along with implementation and solid knowledge of cse core subs, along with system design.

Test preparation:
Focus on CP, cse core subs, LLD and HLD along with system design. Leaving even one part out could be fatal in interviews.

Interview experience:
Started with DSA, moved to core cse questions, including OS, CN, and DBMS, had to write basic SQL queries also, and about sharding and paritioning. Second round was focused on LLD, implementation of a coffee machine. Vast and in depth knowledge was required.

Important topics:
All the core cse subs, ie, OS, DBMS, CN, computer architecture(not asked directly, but helps a lot when understanding things from an engineering point of view)

Preparation started:
5th sem

Advice for juniors:
For first yearites, focus on getting a good CGPA and get solid understanding of one programming knowledge,  whichever it might be, Java, cpp or python, and start with basics of CP.
For 2nd yearites, focus on CP and DSA heavily, and start learning about backend development.
For 3rd yearites, focus on expanding your knowledge and going deep with the knowledge.

As a general advice, try to get as deep knowledge as possible about core subs."
P028,Placement,Electrical Engineering,Qualcomm India Private Ltd.,Intern - Hardware Engineer,,,"In my knowledge, I was the only student selected for this opportunity, as it was an off-campus hiring process and not part of campus placements.","I am a final-year Electrical Engineering student at MNIT Jaipur with a CGPA of 7.86. My academic focus has been on building strong fundamentals in core electronics and digital systems.

I completed a Summer Undergraduate Research Internship (SURAJ-2025) at IIT Jodhpur, where I worked on the design and implementation of an ECC-enabled memory module on FPGA using Verilog HDL and Vivado, incorporating Hamming and 2D Product Code error correction techniques.

My project experience includes buck converter modeling and simulation using MATLAB Simulink and a scalable synchronous FIFO design in Verilog HDL. I have also completed certifications in CMOS Digital VLSI Design (NPTEL – Elite + Silver), Verilog HDL, and PCB design.

Technical skills: Verilog HDL, Vivado, C Programming, MATLAB Simulink, Digital & Analog Electronics.","I selected my projects based on my interest in core electrical and digital concepts. I started working on them after completing relevant coursework to gain practical understanding. Through these projects, I focused on learning by implementation, especially in Verilog-based digital design and power electronics modeling.","Eligible branches: ECE, Electrical
Criteria: Off-Campus Opportunity","Selection process & timeline

1. Application
Form filling: July 2025 (via Qualcomm career page)

2. Online Test
Test link received: Late October
Duration: 90 minutes
Questions: ~60 MCQs
Sections:
Aptitude
Basic Programming
Core / Technical
Negative marking: ~0.25 per wrong answer

3. Interview
Interview scheduled within ~10 days after the test
Usually Qualcomm takes 2 technical rounds, but in my case there was only 1 technical round (~30 minutes) It completely depends on the team.

In my interview, questions were mostly on:
Digital Electronics
My projects (you can check my LinkedIn)
Clock-related concepts, since my team works in this domain
One of the interviewers later turned out to be my team member — this happens quite often in off-campus opportunities.
Some of my friends (especially from BITS) had 2 technical rounds of ~1 hour each, so the process can vary a lot.
There can also be a basic HR round, though I didn’t have one.

4. Final result
Final selection mail came within 4 days after the interview
There was a weekend in between, so timelines may vary slightly","The online test was of 90 minutes consisting of around 60 MCQs.
It included three sections: Aptitude, Basic Programming, and Core Technical (mainly digital electronics).
There was negative marking (~0.25) for incorrect answers.","Focus mainly on strong fundamentals, especially digital electronics.
Revise topics like flip-flops, FSMs, timing and clock concepts.
Practice basic programming (preferably C) and regularly solve aptitude questions.
Consistency and conceptual clarity matter more than memorizing questions.","The interview was mainly technical and focused on digital electronics fundamentals.
Most questions were based on my projects, FSMs, and clock-related concepts, as the team works in this domain.
The discussion was interactive, and the interviewer was more interested in conceptual clarity and problem-solving approach rather than direct answers.
Overall, it was a calm and learning-oriented experience.","The company expects strong understanding of digital electronics fundamentals, especially flip-flops, FSMs, timing analysis, and clocking concepts.
Good knowledge of Verilog is essential, and familiarity with SystemVerilog is a plus.
Basic proficiency in programming (preferably C) is expected.
Additional understanding of microprocessor architecture, SoC concepts, and basic DSP is beneficial.",V semester,,,"1st year:
Focus on building strong fundamentals in mathematics, basic electronics, and programming.
Explore different domains early and develop good learning habits.

2nd year:
Start identifying your interest area (hardware/software).
Begin learning core subjects seriously, practice programming, and start working on small projects.

3rd year:
Strengthen core technical fundamentals, especially subjects related to your domain.
Work on good-quality projects, revise regularly, and prepare with an interview-oriented approach.
Consistency and clarity at this stage matter the most.","Experience type:
Placement

Branch:
Electrical Engineering

Company:
Qualcomm India Private Ltd.

Role:
Intern - Hardware Engineer

Students recruited:
In my knowledge, I was the only student selected for this opportunity, as it was an off-campus hiring process and not part of campus placements.

Academic profile:
I am a final-year Electrical Engineering student at MNIT Jaipur with a CGPA of 7.86. My academic focus has been on building strong fundamentals in core electronics and digital systems.

I completed a Summer Undergraduate Research Internship (SURAJ-2025) at IIT Jodhpur, where I worked on the design and implementation of an ECC-enabled memory module on FPGA using Verilog HDL and Vivado, incorporating Hamming and 2D Product Code error correction techniques.

My project experience includes buck converter modeling and simulation using MATLAB Simulink and a scalable synchronous FIFO design in Verilog HDL. I have also completed certifications in CMOS Digital VLSI Design (NPTEL – Elite + Silver), Verilog HDL, and PCB design.

Technical skills: Verilog HDL, Vivado, C Programming, MATLAB Simulink, Digital & Analog Electronics.

Projects:
I selected my projects based on my interest in core electrical and digital concepts. I started working on them after completing relevant coursework to gain practical understanding. Through these projects, I focused on learning by implementation, especially in Verilog-based digital design and power electronics modeling.

Eligibility:
Eligible branches: ECE, Electrical
Criteria: Off-Campus Opportunity

Selection procedure:
Selection process & timeline

1. Application
Form filling: July 2025 (via Qualcomm career page)

2. Online Test
Test link received: Late October
Duration: 90 minutes
Questions: ~60 MCQs
Sections:
Aptitude
Basic Programming
Core / Technical
Negative marking: ~0.25 per wrong answer

3. Interview
Interview scheduled within ~10 days after the test
Usually Qualcomm takes 2 technical rounds, but in my case there was only 1 technical round (~30 minutes) It completely depends on the team.

In my interview, questions were mostly on:
Digital Electronics
My projects (you can check my LinkedIn)
Clock-related concepts, since my team works in this domain
One of the interviewers later turned out to be my team member — this happens quite often in off-campus opportunities.
Some of my friends (especially from BITS) had 2 technical rounds of ~1 hour each, so the process can vary a lot.
There can also be a basic HR round, though I didn’t have one.

4. Final result
Final selection mail came within 4 days after the interview
There was a weekend in between, so timelines may vary slightly

Test description:
The online test was of 90 minutes consisting of around 60 MCQs.
It included three sections: Aptitude, Basic Programming, and Core Technical (mainly digital electronics).
There was negative marking (~0.25) for incorrect answers.

Test preparation:
Focus mainly on strong fundamentals, especially digital electronics.
Revise topics like flip-flops, FSMs, timing and clock concepts.
Practice basic programming (preferably C) and regularly solve aptitude questions.
Consistency and conceptual clarity matter more than memorizing questions.

Interview experience:
The interview was mainly technical and focused on digital electronics fundamentals.
Most questions were based on my projects, FSMs, and clock-related concepts, as the team works in this domain.
The discussion was interactive, and the interviewer was more interested in conceptual clarity and problem-solving approach rather than direct answers.
Overall, it was a calm and learning-oriented experience.

Important topics:
The company expects strong understanding of digital electronics fundamentals, especially flip-flops, FSMs, timing analysis, and clocking concepts.
Good knowledge of Verilog is essential, and familiarity with SystemVerilog is a plus.
Basic proficiency in programming (preferably C) is expected.
Additional understanding of microprocessor architecture, SoC concepts, and basic DSP is beneficial.

Preparation started:
V semester

Advice for juniors:
1st year:
Focus on building strong fundamentals in mathematics, basic electronics, and programming.
Explore different domains early and develop good learning habits.

2nd year:
Start identifying your interest area (hardware/software).
Begin learning core subjects seriously, practice programming, and start working on small projects.

3rd year:
Strengthen core technical fundamentals, especially subjects related to your domain.
Work on good-quality projects, revise regularly, and prepare with an interview-oriented approach.
Consistency and clarity at this stage matter the most."
P029,Placement,Electrical Engineering,MICRON,Product Engineer,13.17 LPA,,2 (1 B.Tech. + 1 M.Tech.),"CGPA: 7.76
Work Experience: Training at NPCIL and Grid Substation
Projects: Built projects including a GA based Network Topology Estimation model, a solar powered mini inverter and Real Estate Price Predictor (ML).
Skills: Python, MATLAB/Simulink, ML, SQL, Circuit Designing",,"Eligible branches: CSE, ECE, Electrical
Criteria: Course: B.Tech, M.Tech ; CGPA: 60% in 10th and 12th, CGPA  7 and above ; Branch: CSE, ECE, EE","Total rounds: 2 (Technical, 1 offline and 1 online from Computer Centre)
The first round involved my resume, basic electronics (switching devices like CMOS, SCR, diode), Logic circuits, basic programming (if mentioned in resume) and 1 logical thinking question.
Out of all participants, 4 were shortlisted for the next round.
The second round was centered around my resume, along with questions on the products manufactured by the company, their working principles, construction, and test analysis. It also included one basic coding problem and two puzzle-based questions.","The assessment was a 90-minute test consisting of 20 pseudocode-based questions and 80 core technical questions. The majority of the questions were from Basic, Analog, and Digital Electronics, a few from VLSI, Verilog, and Microprocessors.","Prepare by strengthening basics in core subjects (Basic, Analog, and Digital Electronics), and practicing pseudocode and aptitude questions to improve speed.","The selection process was primarily based on three key criteria: 
effective communication skills, good grasp over core technical subjects, and logical reasoning ability, assessed through puzzle-based questions.","The company expects a basic understanding of core electronics subjects such as Basic Electronics, Analog Electronics, and Digital Electronics. One should also be comfortable with basic coding concepts and possess good communication and logical reasoning skills.",I started preparing for placements after my second year.,,,"1st year: Build strong fundamentals, develop basic coding skills, explore fields, and participate in co-curricular activities to develop confidence and leadership.

2nd year: Strengthen core subjects, work on projects, practice coding and aptitude regularly.

3rd year: Focus on internships, revise core concepts thoroughly, practice mock interviews, improve communication skills, and prepare your resume and projects in depth.","Experience type:
Placement

Branch:
Electrical Engineering

Company:
MICRON

Role:
Product Engineer

Compensation:
13.17 LPA

Students recruited:
2 (1 B.Tech. + 1 M.Tech.)

Academic profile:
CGPA: 7.76
Work Experience: Training at NPCIL and Grid Substation
Projects: Built projects including a GA based Network Topology Estimation model, a solar powered mini inverter and Real Estate Price Predictor (ML).
Skills: Python, MATLAB/Simulink, ML, SQL, Circuit Designing

Eligibility:
Eligible branches: CSE, ECE, Electrical
Criteria: Course: B.Tech, M.Tech ; CGPA: 60% in 10th and 12th, CGPA  7 and above ; Branch: CSE, ECE, EE

Selection procedure:
Total rounds: 2 (Technical, 1 offline and 1 online from Computer Centre)
The first round involved my resume, basic electronics (switching devices like CMOS, SCR, diode), Logic circuits, basic programming (if mentioned in resume) and 1 logical thinking question.
Out of all participants, 4 were shortlisted for the next round.
The second round was centered around my resume, along with questions on the products manufactured by the company, their working principles, construction, and test analysis. It also included one basic coding problem and two puzzle-based questions.

Test description:
The assessment was a 90-minute test consisting of 20 pseudocode-based questions and 80 core technical questions. The majority of the questions were from Basic, Analog, and Digital Electronics, a few from VLSI, Verilog, and Microprocessors.

Test preparation:
Prepare by strengthening basics in core subjects (Basic, Analog, and Digital Electronics), and practicing pseudocode and aptitude questions to improve speed.

Interview experience:
The selection process was primarily based on three key criteria: 
effective communication skills, good grasp over core technical subjects, and logical reasoning ability, assessed through puzzle-based questions.

Important topics:
The company expects a basic understanding of core electronics subjects such as Basic Electronics, Analog Electronics, and Digital Electronics. One should also be comfortable with basic coding concepts and possess good communication and logical reasoning skills.

Preparation started:
I started preparing for placements after my second year.

Advice for juniors:
1st year: Build strong fundamentals, develop basic coding skills, explore fields, and participate in co-curricular activities to develop confidence and leadership.

2nd year: Strengthen core subjects, work on projects, practice coding and aptitude regularly.

3rd year: Focus on internships, revise core concepts thoroughly, practice mock interviews, improve communication skills, and prepare your resume and projects in depth."
I001,Internship,Computer Science and Engineering,Barclays,,75000,Compliance Engineering Intern,3,"CGPA : 8.17

Projects : 
1. Narrator AI: An AI-powered SaaS application that generates podcasts. Users input topics and descriptions, and the app uses OpenAI API to create text, which is then converted to speech with UnrealSpeech. Built with Next.js, it features authentication via Clerk, Convex for database management, and TailwindCSS for styling. Users can select voices, generate, and upload podcasts.

2. ElectroExpress: An e-commerce platform for electronics with a city-based order placement system to reduce shipping time and cost. Built using ReactJS, Node.js, MongoDB, and Stripe for payments, it allows users to browse, search, and order from nearby stores. The app includes secure authentication, real-time order status, and is deployed on Render.

3. InsightScape: A blog application with a clean, responsive UI and full CRUD capabilities. Built with ReactJS, Node.js, Express.js, and MySQL, it supports user authentication and efficient data handling, offering a seamless blogging experience.

Technical Skills : 

PROGRAMMING LANGUAGES: C++ , C , PYTHON , JAVASCRIPT

DATABASE MANAGEMENT: MySQL , MongoDB , Convex

WEB DEVELOPMENT: React , Next.js, Express.js , Node.js , HTML , CSS , BootStrap , Tailwind CSS , TypeScript
, Vite.JS , Redux , Socket.IO

VERSION CONTROL: GIT , GITHUB
AUTH: NextAuth , Auth0 , Clerk

COURSEWORK: Data Structures & Algorithms , Object Oriented Programming , Database Management System ,
Computer Networks , Operating Systems","Narrator AI: Started to explore AI in content creation, especially podcast automation with text-to-speech. Recently developed to provide a seamless, AI-driven podcast generation experience.

ElectroExpress: Built to create a localized e-commerce platform for faster, cost-effective deliveries from nearby stores. Began as an idea to improve e-commerce efficiency.

InsightScape: Developed to allow users to share ideas via a blogging platform, enhancing my full-stack skills with a focus on CRUD operations and responsive design.","CSE: 6
ECE: 6","Total Rounds : 3
Round 1 : Online Assessment : which was focused on DSA.

13 students shortlisted for interviews.

Round 2 : Technical Interview 1 : Which focused on my Technical Skills , included some DSA related questions , questions from Python and SQL and other thoretical and Technical related questions which included topics like DBMS ,OOPS questions.

Round 2 : Technical + HR : This round was more or less focused on Resume . Also had some project related questions,  so prepare them properly. Also focused on HR related questions.","Total Rounds : 3
Round 1 : Online Assessment : which was focused on DSA.

Round 2 : Technical Interview 1 : Which focused on my Technical Skills , included some DSA related questions , questions from Python and SQL and other thoretical and Technical related questions which included topics like DBMS ,OOPS questions.

Round 2 : Technical + HR : This round was more or less focused on Resume . Also had some project related questions,  so prepare them properly. Also focused on HR related questions.","Focus on DSA , you can choose any coding language like C++, Python, etc. Solve questions on Leetcode , Codeforces,  Codechef. Give contests regularly to manage time.
Prepare core subjects like DBMS , OOPS , Computes Networks,  Operating Systems.","Total Rounds : 3
Round 1 : Online Assessment : which was focused on DSA.

Round 2 : Technical Interview 1 : Which focused on my Technical Skills , included some DSA related questions , questions from Python and SQL and other thoretical and Technical related questions which included topics like DBMS ,OOPS questions.

Round 2 : Technical + HR : This round was more or less focused on Resume . Also had some project related questions,  so prepare them properly. Also focused on HR related questions.","DSA, DBMS , SQL , PYTHON.","Summer Vacations after 2nd year. Explore and Solve questions regularly on Leetcode,  , Codechef,  even in your 1st year and 2nd year.  Keep exploring youtube and linkedin to keep yourself up to date.","GFG, Leetcode,  Codeforces, Codechef.",Modify your CV according to company's needs  and try to be honest and know your CV Thoroughly.,"Keep exploring new things and try solving leetcode , Codeforces,  Codechef and watch some youtube videos .","Experience type:
Internship

Branch:
Computer Science and Engineering

Company:
Barclays

Compensation:
75000

Job description:
Compliance Engineering Intern

Students recruited:
3

Academic profile:
CGPA : 8.17

Projects : 
1. Narrator AI: An AI-powered SaaS application that generates podcasts. Users input topics and descriptions, and the app uses OpenAI API to create text, which is then converted to speech with UnrealSpeech. Built with Next.js, it features authentication via Clerk, Convex for database management, and TailwindCSS for styling. Users can select voices, generate, and upload podcasts.

2. ElectroExpress: An e-commerce platform for electronics with a city-based order placement system to reduce shipping time and cost. Built using ReactJS, Node.js, MongoDB, and Stripe for payments, it allows users to browse, search, and order from nearby stores. The app includes secure authentication, real-time order status, and is deployed on Render.

3. InsightScape: A blog application with a clean, responsive UI and full CRUD capabilities. Built with ReactJS, Node.js, Express.js, and MySQL, it supports user authentication and efficient data handling, offering a seamless blogging experience.

Technical Skills : 

PROGRAMMING LANGUAGES: C++ , C , PYTHON , JAVASCRIPT

DATABASE MANAGEMENT: MySQL , MongoDB , Convex

WEB DEVELOPMENT: React , Next.js, Express.js , Node.js , HTML , CSS , BootStrap , Tailwind CSS , TypeScript
, Vite.JS , Redux , Socket.IO

VERSION CONTROL: GIT , GITHUB
AUTH: NextAuth , Auth0 , Clerk

COURSEWORK: Data Structures & Algorithms , Object Oriented Programming , Database Management System ,
Computer Networks , Operating Systems

Projects:
Narrator AI: Started to explore AI in content creation, especially podcast automation with text-to-speech. Recently developed to provide a seamless, AI-driven podcast generation experience.

ElectroExpress: Built to create a localized e-commerce platform for faster, cost-effective deliveries from nearby stores. Began as an idea to improve e-commerce efficiency.

InsightScape: Developed to allow users to share ideas via a blogging platform, enhancing my full-stack skills with a focus on CRUD operations and responsive design.

Eligibility:
CSE: 6
ECE: 6

Selection procedure:
Total Rounds : 3
Round 1 : Online Assessment : which was focused on DSA.

13 students shortlisted for interviews.

Round 2 : Technical Interview 1 : Which focused on my Technical Skills , included some DSA related questions , questions from Python and SQL and other thoretical and Technical related questions which included topics like DBMS ,OOPS questions.

Round 2 : Technical + HR : This round was more or less focused on Resume . Also had some project related questions,  so prepare them properly. Also focused on HR related questions.

Test description:
Total Rounds : 3
Round 1 : Online Assessment : which was focused on DSA.

Round 2 : Technical Interview 1 : Which focused on my Technical Skills , included some DSA related questions , questions from Python and SQL and other thoretical and Technical related questions which included topics like DBMS ,OOPS questions.

Round 2 : Technical + HR : This round was more or less focused on Resume . Also had some project related questions,  so prepare them properly. Also focused on HR related questions.

Test preparation:
Focus on DSA , you can choose any coding language like C++, Python, etc. Solve questions on Leetcode , Codeforces,  Codechef. Give contests regularly to manage time.
Prepare core subjects like DBMS , OOPS , Computes Networks,  Operating Systems.

Interview experience:
Total Rounds : 3
Round 1 : Online Assessment : which was focused on DSA.

Round 2 : Technical Interview 1 : Which focused on my Technical Skills , included some DSA related questions , questions from Python and SQL and other thoretical and Technical related questions which included topics like DBMS ,OOPS questions.

Round 2 : Technical + HR : This round was more or less focused on Resume . Also had some project related questions,  so prepare them properly. Also focused on HR related questions.

Important topics:
DSA, DBMS , SQL , PYTHON.

Preparation started:
Summer Vacations after 2nd year. Explore and Solve questions regularly on Leetcode,  , Codechef,  even in your 1st year and 2nd year.  Keep exploring youtube and linkedin to keep yourself up to date.

Resources:
GFG, Leetcode,  Codeforces, Codechef.

Last-minute preparation:
Modify your CV according to company's needs  and try to be honest and know your CV Thoroughly.

Advice for juniors:
Keep exploring new things and try solving leetcode , Codeforces,  Codechef and watch some youtube videos ."
I002,Internship,Electronics and Communication Engineering,Cisco,Software Intern (Summer),"98,000 INR",Software Engineering Intern,1,"Cgpa - 8.35

work experience - research inter(Air force, jaipur)

projects - on Web dev(frontend and backend) , on MERN ,on Next , on Python+open cv(Research project) , on dsa

skills - Data Structures and Algorithms
 • Operating Systems
 • Object Oriented Programming
 • Database Management Systems
 • Computer Architecture
 • Computer Networks  (for cisco must)
-> ML & AI
->electronics core  (In cisco it helps ) 
 TECHNICAL SKILLS
 Programming Languages: C, C++, Python, HTML/CSS, JavaScript, SQL
 Technologies/Frameworks: Node js, Express js, Tailwind CSS, React js, MySQL, Mongo DB",,"CSE: 6.0, 6.5, 7.0, 7.5, 8.0
ECE: 6.0, 6.5, 7.0, 7.5, 8.0
Electrical: 6.0, 6.5, 7.0, 7.5, 8.0
Mechanical: 6.0, 6.5, 7.0, 7.5, 8.0
Civil: 6.0, 6.5, 7.0, 7.5, 8.0
Chemical: 6.0, 6.5, 7.0, 7.5, 8.0
Metallurgy: 6.0, 6.5, 7.0, 7.5, 8.0
Architecture: 6.0, 6.5, 7.0, 7.5, 8.0","All branches, All cgpa allowed
1.coding test (offline in collage) - 3 DSA Q.(2 Medium to hard , 1 hard) , 40 mcq (CSE core sunjects and electronics)
2. interview (virtual  )(3 rounds)",already given,"prectice as mush as dsa Q. , cover more and  more different type of Q.
CSE core topics( OS, DBMS, OOPS, CN etc.)","Virtual Interviews on Webex ( all selected students from all over india - IITB,IITM,BITS etc. all students are there)

round 1 -75 to 90 minute -  resume based , ask about projects , cse core sub. ,extra curricular, 3,4 easy to medium DSA Q.

round 2- 100 to 110 minute - more deep in tech , 4,5 medium to hard DSA Q. , more deep in every project , advanced Q. on CN, electronics, DBMS, OS, OOPS
some puzzels

round 3 - 30 to 40 minute - about communication, leaderships , team working , future goals etc.

**in HR he asks me 3 times for Mtech in my intersted field , again and again , he told me that mtech is very good , high package in cisco for m tech , why you are not doing it
they just want to know that you are not planning for other things","all written above 

for cisco - ****Computer Networks*** Must","after my first year , from summer holidays before 3rd sem","Youtube - Many good courses of everything , follow more then one playlist for better knowledge

gfg articals

make notes by yourself for fast revision","Self made notes are best

gfg articals

youtube one shots

***read about company*** it helps a lot",,"Experience type:
Internship

Branch:
Electronics and Communication Engineering

Company:
Cisco

Role:
Software Intern (Summer)

Compensation:
98,000 INR

Job description:
Software Engineering Intern

Students recruited:
1

Academic profile:
Cgpa - 8.35

work experience - research inter(Air force, jaipur)

projects - on Web dev(frontend and backend) , on MERN ,on Next , on Python+open cv(Research project) , on dsa

skills - Data Structures and Algorithms
 • Operating Systems
 • Object Oriented Programming
 • Database Management Systems
 • Computer Architecture
 • Computer Networks  (for cisco must)
-> ML & AI
->electronics core  (In cisco it helps ) 
 TECHNICAL SKILLS
 Programming Languages: C, C++, Python, HTML/CSS, JavaScript, SQL
 Technologies/Frameworks: Node js, Express js, Tailwind CSS, React js, MySQL, Mongo DB

Eligibility:
CSE: 6.0, 6.5, 7.0, 7.5, 8.0
ECE: 6.0, 6.5, 7.0, 7.5, 8.0
Electrical: 6.0, 6.5, 7.0, 7.5, 8.0
Mechanical: 6.0, 6.5, 7.0, 7.5, 8.0
Civil: 6.0, 6.5, 7.0, 7.5, 8.0
Chemical: 6.0, 6.5, 7.0, 7.5, 8.0
Metallurgy: 6.0, 6.5, 7.0, 7.5, 8.0
Architecture: 6.0, 6.5, 7.0, 7.5, 8.0

Selection procedure:
All branches, All cgpa allowed
1.coding test (offline in collage) - 3 DSA Q.(2 Medium to hard , 1 hard) , 40 mcq (CSE core sunjects and electronics)
2. interview (virtual  )(3 rounds)

Test description:
already given

Test preparation:
prectice as mush as dsa Q. , cover more and  more different type of Q.
CSE core topics( OS, DBMS, OOPS, CN etc.)

Interview experience:
Virtual Interviews on Webex ( all selected students from all over india - IITB,IITM,BITS etc. all students are there)

round 1 -75 to 90 minute -  resume based , ask about projects , cse core sub. ,extra curricular, 3,4 easy to medium DSA Q.

round 2- 100 to 110 minute - more deep in tech , 4,5 medium to hard DSA Q. , more deep in every project , advanced Q. on CN, electronics, DBMS, OS, OOPS
some puzzels

round 3 - 30 to 40 minute - about communication, leaderships , team working , future goals etc.

**in HR he asks me 3 times for Mtech in my intersted field , again and again , he told me that mtech is very good , high package in cisco for m tech , why you are not doing it
they just want to know that you are not planning for other things

Important topics:
all written above 

for cisco - ****Computer Networks*** Must

Preparation started:
after my first year , from summer holidays before 3rd sem

Resources:
Youtube - Many good courses of everything , follow more then one playlist for better knowledge

gfg articals

make notes by yourself for fast revision

Last-minute preparation:
Self made notes are best

gfg articals

youtube one shots

***read about company*** it helps a lot"
I003,Internship,Electrical Engineering,Texas Instruments,Analog intern,60k per month,Analyzing trade-offs to ensure spec compliance and superior performance at a competitive cost,5 from our campus for intern but Texas Instruments mostly recruits fresh graduates and 3rd year students in their on-campus drives from IITs NITs and IIITs,My current CGPA is 8.93. I did projects assigned to us by our department and most of energy was focused on exploring electronics and studying related subjects.,"As my intrest grew in electronics most of project and work were related to this:
1) Automatic street light intensity control
2) I also prepared a report on how ML can be used to optimize routing and placement in IC designing and other related problems
3) Virtually implementation of circuit for self correcting binary code.
4) Implemented ML model for identifying patients with arterial fibrillation
5) Implemented ML model for genetic algorithm.","ECE: 6
Electrical: 6","There were 2 round only:
1) Online aptitude test
2) Personal interview round","The online aptitude test consisted of basic network theory questions, mathematics, and aptitude questions.","To prepare for one just need brush up his concepts in network theory, analog electronics, and mathematics. You should solve as much problems as possible in the above mentioned subjects. I would say practicing GATE level questions would more than suffice for the OA.",The interview was very comfortable and easy to adapt to. My interview for TI was my first interview for intern so I was nervous and excited. The interviewers were very friendly and helped me to settle in quickly. The interview started with my introduction and then mostly revolved around my resume for good 30 minutes and then they moved on to the core questions. Most of the core questions were related to RC circuits and its waveforms and there were two questions from verilog.,"The important subjects are network theory, analog electronics and control system. It may be possible that question may be asked from some outside domains (if mentioned in resume) or it may be possible that some topic would contain no weightage in interview but having a strong hold over these 3 subjects would help a candidate a lot",I started preparing for this internship at the start of my 4th semester.,"I referred to GATE lectures and NPTEL lectures.
Behzad Razavi has book and online lectures for analog electronics which is very good for the subject matter.",Do revisit your resume at the last minute. It is must that you have your key points brushed up for all your projects and anything mentioned in your resume. Keep your composure before the interview and be optimistic.,Focus on your college-class content. As this is a core job. Everything asked in interview has already been covered in your class in the first two years. Do not take them lightly. Just by focusing on your class you can easily reduce your extra workload for preparation that others would be experiencing.,"Experience type:
Internship

Branch:
Electrical Engineering

Company:
Texas Instruments

Role:
Analog intern

Compensation:
60k per month

Job description:
Analyzing trade-offs to ensure spec compliance and superior performance at a competitive cost

Students recruited:
5 from our campus for intern but Texas Instruments mostly recruits fresh graduates and 3rd year students in their on-campus drives from IITs NITs and IIITs

Academic profile:
My current CGPA is 8.93. I did projects assigned to us by our department and most of energy was focused on exploring electronics and studying related subjects.

Projects:
As my intrest grew in electronics most of project and work were related to this:
1) Automatic street light intensity control
2) I also prepared a report on how ML can be used to optimize routing and placement in IC designing and other related problems
3) Virtually implementation of circuit for self correcting binary code.
4) Implemented ML model for identifying patients with arterial fibrillation
5) Implemented ML model for genetic algorithm.

Eligibility:
ECE: 6
Electrical: 6

Selection procedure:
There were 2 round only:
1) Online aptitude test
2) Personal interview round

Test description:
The online aptitude test consisted of basic network theory questions, mathematics, and aptitude questions.

Test preparation:
To prepare for one just need brush up his concepts in network theory, analog electronics, and mathematics. You should solve as much problems as possible in the above mentioned subjects. I would say practicing GATE level questions would more than suffice for the OA.

Interview experience:
The interview was very comfortable and easy to adapt to. My interview for TI was my first interview for intern so I was nervous and excited. The interviewers were very friendly and helped me to settle in quickly. The interview started with my introduction and then mostly revolved around my resume for good 30 minutes and then they moved on to the core questions. Most of the core questions were related to RC circuits and its waveforms and there were two questions from verilog.

Important topics:
The important subjects are network theory, analog electronics and control system. It may be possible that question may be asked from some outside domains (if mentioned in resume) or it may be possible that some topic would contain no weightage in interview but having a strong hold over these 3 subjects would help a candidate a lot

Preparation started:
I started preparing for this internship at the start of my 4th semester.

Resources:
I referred to GATE lectures and NPTEL lectures.
Behzad Razavi has book and online lectures for analog electronics which is very good for the subject matter.

Last-minute preparation:
Do revisit your resume at the last minute. It is must that you have your key points brushed up for all your projects and anything mentioned in your resume. Keep your composure before the interview and be optimistic.

Advice for juniors:
Focus on your college-class content. As this is a core job. Everything asked in interview has already been covered in your class in the first two years. Do not take them lightly. Just by focusing on your class you can easily reduce your extra workload for preparation that others would be experiencing."
I004,Internship,Computer Science and Engineering,Arcesium,Software Intern,"1,25,000 per month",-,2,"During the internship drive, my CGPA was 9.52. I am proficient in CS Fundamentals like DSA, OS, DBMS, Networks, OOPS, etc. I have keen knowledge in Backend Web Development and Cyber Security. I was also working on project related to Linux Kernel Vulnerabilities in CSE Department.

Technical Skills:
Programming languages - C, C++, Python, JavaScript, Java, HTML-CSS, SQL, bash
Tech/Frameworks/Libraries - NodeJS, MongoDB, MySQL, ExpressJS, Flask, TensorFlow
Tools - Metasploit, Nmap, Git, Docker, Wireshark, NetCat, Vagrant
OS - Windows, Linux (Ubuntu, Debian, Arch, Kali, Parrot)","1) I made a CRUD application using NodeJS, ExpressJS and MongoDB. I also added additional security features to due to my interest in cyber security.
2) I also made a Virtual Machine Management interface to start and control template Virtual Machines on demand to allow the users to practice penetration testing in a controlled environment.","CSE: 7
ECE: 8
Electrical: 8","During the internship drive, we had one Online Assessment
After the shortlisting, there were 4 Interview Rounds - 3 Technical and 1 HR round
The result was declared on the spot after the HR round.",The online assessment had 3 coding questions. the first question was an easy to medium level question and the other 2 were on medium to difficult level. I was able to solve 2 out of 3 questions,"At least solve the Leetcode daily questions, throughout the semester. These will help to practice DSA and offer a large variety of problems.
Thoroughly read about OS, DBMS, CN and OOPS.","The interviews were held in Placement Cell from 9 AM in the Morning to 6 PM in the evening

Round 1 - (about 45 min) I was given a Dynamic Programming question of medium level. I had to write the pseudo code on a sheet of paper. After that I had to explain the logic and approach. The other half of the round was focused on my resume and some basic CS fundamental theory.

Round 2 - (about 30 min) This was held on a zoom call. I was given an easy graph problem. I had to type the algorithm to solve the problem on hacker rank platform. Rest of the round was focused on OOPS.

Round 3 - (30-45 min) This was conducted by one of our alumnus from 2019 batch. I was given 2 questions. One was load balancing between two servers and the other was a DP problem. I would say they were easy to medium level in difficulty. After this we discussed about computer networks, DBMS and my projects in the CS department. Since I mentioned Linux Kernel, some question about the kernel were also discussed

Round 4 (15-20 min) - HR Round - Started with some usual questions like 'how was the interview process till then', etc. We were all asked the same questions, and last one was an open ended question with no wrong answers. The interviewer was trying to see how many variables and situations we will consider before jumping to execution.","In Fintech companies like Arcesium, main focus is on DSA, OOPS, OS and a little bit of CN as they focus on efficient problem solving.",I started to practice explicitly for internship during the summer break at the end of 2nd year.,"Beside the CS Core subjects, I learned Backend and ML from Udemy. I will recommend waiting for a sale to get these courses for 499. 
For learning a new programming language and DSA, I referred to freeCodeCamp.org. Their YouTube channel has every technology that you will need.
For clear basic concepts, GeeksforGeeks is enough.
I used Leetcode for DSA practice","The top interview questions on GFG will be really helpful for last minute practice. 
Don't try to learn everything one night before the interview it will only increase your stress level. Just revise your covered topics.","During the interview, always ask questions. Ask about the problem if you don't understand it properly. Ask about their experience in the company. Ask them what are they looking for in the candidates. This way they get to connect with you more, thus increase your chances.","Experience type:
Internship

Branch:
Computer Science and Engineering

Company:
Arcesium

Role:
Software Intern

Compensation:
1,25,000 per month

Job description:
-

Students recruited:
2

Academic profile:
During the internship drive, my CGPA was 9.52. I am proficient in CS Fundamentals like DSA, OS, DBMS, Networks, OOPS, etc. I have keen knowledge in Backend Web Development and Cyber Security. I was also working on project related to Linux Kernel Vulnerabilities in CSE Department.

Technical Skills:
Programming languages - C, C++, Python, JavaScript, Java, HTML-CSS, SQL, bash
Tech/Frameworks/Libraries - NodeJS, MongoDB, MySQL, ExpressJS, Flask, TensorFlow
Tools - Metasploit, Nmap, Git, Docker, Wireshark, NetCat, Vagrant
OS - Windows, Linux (Ubuntu, Debian, Arch, Kali, Parrot)

Projects:
1) I made a CRUD application using NodeJS, ExpressJS and MongoDB. I also added additional security features to due to my interest in cyber security.
2) I also made a Virtual Machine Management interface to start and control template Virtual Machines on demand to allow the users to practice penetration testing in a controlled environment.

Eligibility:
CSE: 7
ECE: 8
Electrical: 8

Selection procedure:
During the internship drive, we had one Online Assessment
After the shortlisting, there were 4 Interview Rounds - 3 Technical and 1 HR round
The result was declared on the spot after the HR round.

Test description:
The online assessment had 3 coding questions. the first question was an easy to medium level question and the other 2 were on medium to difficult level. I was able to solve 2 out of 3 questions

Test preparation:
At least solve the Leetcode daily questions, throughout the semester. These will help to practice DSA and offer a large variety of problems.
Thoroughly read about OS, DBMS, CN and OOPS.

Interview experience:
The interviews were held in Placement Cell from 9 AM in the Morning to 6 PM in the evening

Round 1 - (about 45 min) I was given a Dynamic Programming question of medium level. I had to write the pseudo code on a sheet of paper. After that I had to explain the logic and approach. The other half of the round was focused on my resume and some basic CS fundamental theory.

Round 2 - (about 30 min) This was held on a zoom call. I was given an easy graph problem. I had to type the algorithm to solve the problem on hacker rank platform. Rest of the round was focused on OOPS.

Round 3 - (30-45 min) This was conducted by one of our alumnus from 2019 batch. I was given 2 questions. One was load balancing between two servers and the other was a DP problem. I would say they were easy to medium level in difficulty. After this we discussed about computer networks, DBMS and my projects in the CS department. Since I mentioned Linux Kernel, some question about the kernel were also discussed

Round 4 (15-20 min) - HR Round - Started with some usual questions like 'how was the interview process till then', etc. We were all asked the same questions, and last one was an open ended question with no wrong answers. The interviewer was trying to see how many variables and situations we will consider before jumping to execution.

Important topics:
In Fintech companies like Arcesium, main focus is on DSA, OOPS, OS and a little bit of CN as they focus on efficient problem solving.

Preparation started:
I started to practice explicitly for internship during the summer break at the end of 2nd year.

Resources:
Beside the CS Core subjects, I learned Backend and ML from Udemy. I will recommend waiting for a sale to get these courses for 499. 
For learning a new programming language and DSA, I referred to freeCodeCamp.org. Their YouTube channel has every technology that you will need.
For clear basic concepts, GeeksforGeeks is enough.
I used Leetcode for DSA practice

Last-minute preparation:
The top interview questions on GFG will be really helpful for last minute practice. 
Don't try to learn everything one night before the interview it will only increase your stress level. Just revise your covered topics.

Advice for juniors:
During the interview, always ask questions. Ask about the problem if you don't understand it properly. Ask about their experience in the company. Ask them what are they looking for in the candidates. This way they get to connect with you more, thus increase your chances."
I005,Internship,Electronics and Communication Engineering,BNY Mellon,Software Developer Intern,"75,000/- Per Month","focus on coding, testing, and creating scalable systems while enhancing technical skills through hands-on learning and collaboration.",4,"8.37 cgpa , previously interned at Meril Life Sciences as an AI/Ml intern for 2 months , skills include machine learning, deep learning ,NLp, OOPS , operating systems, dsa in c++, other languages include: python, c , sql had experience working with docker and matlab","build an automated data labelling software using selenium and labelstudio during my intern,
Build a os scheduling simulator..comparing differnt algorithms graphically
Created document processing tool and search engine using avl trees , tries and hash table.","CSE: 7.5
ECE: 7.5
Electrical: 7.5
Mechanical: 7.5
Civil: 7.5
Chemical: 7.5
Metallurgy: 7.5
Architecture: 7.5","1st online coding test was conducted had 4 questions involving dp , graph , arrays ranging from medium to hard.
16 students were shortlisted after the 1st round.
Further 2 more rounds were conducted online both were technical+hr.","Had 4 questions involving dp , graph , arrays ranging from medium to hard.","Gfg's must to do coding questions , striver's sheet","There were 2 rounds both around 45min.
Asked a medium level dsa question on array..ml related questions as i have included ml projects , python related questions , oops and major focus was on my projects and resume they questioned about each and everything mentioned in my resume including the technologies or tools used for my project.","OOPs , OS , DBMS",3rd sem,"GFG , strivers sheet","prepare short notes in advance that includes imp coding ques as well as about the subj you have learnt , should be thorough with the resume and if possible try to show the project you mentioned in your cv to the interveiwer.  Be confident","Practice coding questions on arrays , dp and graph and clear the basic concepts, dont run behing competitive programming.
OOPs , OS , DBMS are the required skills demanded by most companies so prepare it well.","Experience type:
Internship

Branch:
Electronics and Communication Engineering

Company:
BNY Mellon

Role:
Software Developer Intern

Compensation:
75,000/- Per Month

Job description:
focus on coding, testing, and creating scalable systems while enhancing technical skills through hands-on learning and collaboration.

Students recruited:
4

Academic profile:
8.37 cgpa , previously interned at Meril Life Sciences as an AI/Ml intern for 2 months , skills include machine learning, deep learning ,NLp, OOPS , operating systems, dsa in c++, other languages include: python, c , sql had experience working with docker and matlab

Projects:
build an automated data labelling software using selenium and labelstudio during my intern,
Build a os scheduling simulator..comparing differnt algorithms graphically
Created document processing tool and search engine using avl trees , tries and hash table.

Eligibility:
CSE: 7.5
ECE: 7.5
Electrical: 7.5
Mechanical: 7.5
Civil: 7.5
Chemical: 7.5
Metallurgy: 7.5
Architecture: 7.5

Selection procedure:
1st online coding test was conducted had 4 questions involving dp , graph , arrays ranging from medium to hard.
16 students were shortlisted after the 1st round.
Further 2 more rounds were conducted online both were technical+hr.

Test description:
Had 4 questions involving dp , graph , arrays ranging from medium to hard.

Test preparation:
Gfg's must to do coding questions , striver's sheet

Interview experience:
There were 2 rounds both around 45min.
Asked a medium level dsa question on array..ml related questions as i have included ml projects , python related questions , oops and major focus was on my projects and resume they questioned about each and everything mentioned in my resume including the technologies or tools used for my project.

Important topics:
OOPs , OS , DBMS

Preparation started:
3rd sem

Resources:
GFG , strivers sheet

Last-minute preparation:
prepare short notes in advance that includes imp coding ques as well as about the subj you have learnt , should be thorough with the resume and if possible try to show the project you mentioned in your cv to the interveiwer.  Be confident

Advice for juniors:
Practice coding questions on arrays , dp and graph and clear the basic concepts, dont run behing competitive programming.
OOPs , OS , DBMS are the required skills demanded by most companies so prepare it well."
I006,Internship,Electrical Engineering,Jindal Stainless Ltd,GET Intern,25000,,16- 2 Electrical+8 Mech+ 6 meta,CGPA- 8.21,"1. Comparative Study of 3-Phase Inverter using Sinusoidal and Space Vector Modulation—I chose this topic in consultation with my faculty and worked on it only from the 5th semester.
2. Clap Switch- I have done it as a part of the mini project for EDC Lab.","Electrical: 6.5
Mechanical: 6.5
Metallurgy: 6.5","Round 1: Online Assessment (Reasoning + Core Domain)
40 students were shortlisted for interview. 3 ele+ 23 mech+ 14 meta.
Round 2: Interview (Technical + HR) 
Finally, 16 students were selected.","1 hour-long test with 30 questions of Reasoning and 30 of your Core Domain. 
Reasoning will have questions based on Direction, Blood Relations, Data Interpretation and Seating Arrangement.
In the core domain, for electrical, questions were largely based on Machines and Power Systems, with some questions also from Digital electronics and Power Electronics.","I didn't prepared for reasoning, but if you want you can practice from IndiaBIX.
For core electrical, classroom notes on Machines and Power Systems will be more than enough, don't try to go in-depth, rather work on your basics. If you are preparing for GATE/ESE, you can refer to those notes as well, just remember to adhere to the basics strictly. Also have a thorough knowledge of one subject, which you can say if asked about your favourite subject.","There were two rounds, Technical and HR.
The technical round was online for the Electrical Branch, and it was offline for others. First, they asked about my favorite subject. You must have a strong reason for why it's your favorite and a good grasp of this subject. The rest of the interview was straightly focused on Electrical Machines, with some must-know general Power System Questions at the end. There is no need for depth; just having an overview of subjects is enough. 
The HR round was offline and included some general questions about your education, family background, and interests, such as Why Manufacturing and Why JSL. ( Be prepared with convincing answers for these questions.)",Electrical Machines and Power System. A little bit of Digital Electronics and Power Electronics.,In the summer vaccation after 4th sem,I prepared from free YouTube lectures for GATE.,"Modify your CV according to company, add projects related to profile, and add or subtract extra curricular according to roles. 
Your own handwritten notes will help the most in last minute revision.","In the first year just maintain the CG while exploring all the fields, interact with seniors as much as you can, and know about various opportunities available.
In the summer vacation after 1st year, try for all the fields you know, GATE, UPSC, CAT, or Coding. Towards the end, decide on one field you will pursue ahead.
From the second year, for core, focus on core subjects like machine and power systems, and also try to study them up to the GATE/ESE level.
Also along with this, have one or two co-curricular involvement.
In the third year, work on soft skills along with the core subjects you have read till now. Also, try to have some PORs.","Experience type:
Internship

Branch:
Electrical Engineering

Company:
Jindal Stainless Ltd

Role:
GET Intern

Compensation:
25000

Students recruited:
16- 2 Electrical+8 Mech+ 6 meta

Academic profile:
CGPA- 8.21

Projects:
1. Comparative Study of 3-Phase Inverter using Sinusoidal and Space Vector Modulation—I chose this topic in consultation with my faculty and worked on it only from the 5th semester.
2. Clap Switch- I have done it as a part of the mini project for EDC Lab.

Eligibility:
Electrical: 6.5
Mechanical: 6.5
Metallurgy: 6.5

Selection procedure:
Round 1: Online Assessment (Reasoning + Core Domain)
40 students were shortlisted for interview. 3 ele+ 23 mech+ 14 meta.
Round 2: Interview (Technical + HR) 
Finally, 16 students were selected.

Test description:
1 hour-long test with 30 questions of Reasoning and 30 of your Core Domain. 
Reasoning will have questions based on Direction, Blood Relations, Data Interpretation and Seating Arrangement.
In the core domain, for electrical, questions were largely based on Machines and Power Systems, with some questions also from Digital electronics and Power Electronics.

Test preparation:
I didn't prepared for reasoning, but if you want you can practice from IndiaBIX.
For core electrical, classroom notes on Machines and Power Systems will be more than enough, don't try to go in-depth, rather work on your basics. If you are preparing for GATE/ESE, you can refer to those notes as well, just remember to adhere to the basics strictly. Also have a thorough knowledge of one subject, which you can say if asked about your favourite subject.

Interview experience:
There were two rounds, Technical and HR.
The technical round was online for the Electrical Branch, and it was offline for others. First, they asked about my favorite subject. You must have a strong reason for why it's your favorite and a good grasp of this subject. The rest of the interview was straightly focused on Electrical Machines, with some must-know general Power System Questions at the end. There is no need for depth; just having an overview of subjects is enough. 
The HR round was offline and included some general questions about your education, family background, and interests, such as Why Manufacturing and Why JSL. ( Be prepared with convincing answers for these questions.)

Important topics:
Electrical Machines and Power System. A little bit of Digital Electronics and Power Electronics.

Preparation started:
In the summer vaccation after 4th sem

Resources:
I prepared from free YouTube lectures for GATE.

Last-minute preparation:
Modify your CV according to company, add projects related to profile, and add or subtract extra curricular according to roles. 
Your own handwritten notes will help the most in last minute revision.

Advice for juniors:
In the first year just maintain the CG while exploring all the fields, interact with seniors as much as you can, and know about various opportunities available.
In the summer vacation after 1st year, try for all the fields you know, GATE, UPSC, CAT, or Coding. Towards the end, decide on one field you will pursue ahead.
From the second year, for core, focus on core subjects like machine and power systems, and also try to study them up to the GATE/ESE level.
Also along with this, have one or two co-curricular involvement.
In the third year, work on soft skills along with the core subjects you have read till now. Also, try to have some PORs."
I007,Internship,Mechanical Engineering,Cummins India Limited,Intern,30k/- month,"We need not to do line job (production on machine), we just need to handle it technically (using several mechanical softwares )",5,"7.7, I have no prior work experience, autocad, inventor , fusion , ms Excel, powerpoint, tora, witness horizon , machine learning.all projects were a part of curriculum.","I did all projects of curriculum itself.
Automatic solar grass cutter (metrology project)
 composite materials (material science)","ECE: 6
Electrical: 6
Mechanical: 6
Civil: 6","2 rounds                                                         
Online technical test(aptitude+ core subject detailed questions), Technical round (online with video on)","Online technical test was of moderate level (aptitude moderate level and core subjects detailed knowledge needed), technical round itself consist of technical+ hr both where you  need to explain your projects, your future goals and how you look forward to joining company and you must should have good knowledge of company specific subject here it's an engine company so machine design, kom & dom (kinematics and dynamics of machinery), ic engines, gears.",There are various online platforms that offer interview questions with answers and explanation chapterwise.,"You should speak everything you know with confident and better way a clear no (in case you don't know the answer), & always remember there's a lot more companies (i.e be optimistic).
The interviewer was very friendly and easy going.","ic engines, gears, machine design, kom & dom (kinematics and dynamics of machinery), & thermodynamics, material science.",August '24,"I refered to madeeasy booklets and yt channels  (less boring lectures etc.) and chapterwise question and answers for mechanical engineering on website s, for aptitude there's a complete aptitude playlist on YouTube by Akshita Agrawal","Based on non core/ core company ( cv should reflect and showcase those skills and projects first ) & also use ats score websites for CV, basic subjects must be prepared with the semesters ( it's not the CGPA, it's your basic understanding in the subject), last minute websites with chapterwise question answer were very important.","Study basics of thermal subjects ( thermo/ fluid/ heat transfer) & material science & ic engines properly, 
don't be nervous that you have done nothing as even if you are in 4 th sem or fifth sem just start to make a proper Cv in mnit Jaipur template, and start reading madeeasy booklets. it's that simple.so take a chill pill. Also, enjoy college well, bcz these are the days you are going to remember 🫠.","Experience type:
Internship

Branch:
Mechanical Engineering

Company:
Cummins India Limited

Role:
Intern

Compensation:
30k/- month

Job description:
We need not to do line job (production on machine), we just need to handle it technically (using several mechanical softwares )

Students recruited:
5

Academic profile:
7.7, I have no prior work experience, autocad, inventor , fusion , ms Excel, powerpoint, tora, witness horizon , machine learning.all projects were a part of curriculum.

Projects:
I did all projects of curriculum itself.
Automatic solar grass cutter (metrology project)
 composite materials (material science)

Eligibility:
ECE: 6
Electrical: 6
Mechanical: 6
Civil: 6

Selection procedure:
2 rounds                                                         
Online technical test(aptitude+ core subject detailed questions), Technical round (online with video on)

Test description:
Online technical test was of moderate level (aptitude moderate level and core subjects detailed knowledge needed), technical round itself consist of technical+ hr both where you  need to explain your projects, your future goals and how you look forward to joining company and you must should have good knowledge of company specific subject here it's an engine company so machine design, kom & dom (kinematics and dynamics of machinery), ic engines, gears.

Test preparation:
There are various online platforms that offer interview questions with answers and explanation chapterwise.

Interview experience:
You should speak everything you know with confident and better way a clear no (in case you don't know the answer), & always remember there's a lot more companies (i.e be optimistic).
The interviewer was very friendly and easy going.

Important topics:
ic engines, gears, machine design, kom & dom (kinematics and dynamics of machinery), & thermodynamics, material science.

Preparation started:
August '24

Resources:
I refered to madeeasy booklets and yt channels  (less boring lectures etc.) and chapterwise question and answers for mechanical engineering on website s, for aptitude there's a complete aptitude playlist on YouTube by Akshita Agrawal

Last-minute preparation:
Based on non core/ core company ( cv should reflect and showcase those skills and projects first ) & also use ats score websites for CV, basic subjects must be prepared with the semesters ( it's not the CGPA, it's your basic understanding in the subject), last minute websites with chapterwise question answer were very important.

Advice for juniors:
Study basics of thermal subjects ( thermo/ fluid/ heat transfer) & material science & ic engines properly, 
don't be nervous that you have done nothing as even if you are in 4 th sem or fifth sem just start to make a proper Cv in mnit Jaipur template, and start reading madeeasy booklets. it's that simple.so take a chill pill. Also, enjoy college well, bcz these are the days you are going to remember 🫠."
I008,Internship,Electronics and Communication Engineering,Texas Instruments,Analog Role,75000,"Analog Role, yet to declare the speicfic team in which i will be placed",4 from our college,My cgpa is 7.68 and firstly I got mentorship on campus when the company visited our college in the end of 2nd year.I got selected in the mentorship which was 4-week mentorship program named Wish program.You can check this out to get more info about the my mentorship :  https://www.linkedin.com/posts/shruti-baya-382b0b284_wish-texasinstruments-wish-activity-7343175082984312832-CYlQ?utm_source=share&utm_medium=member_desktop&rcm=ACoAAEU4UFIBCMatz1Bq4UsQ876znQuaE-EqII0,I have worked on an a wristband which allows student to study without distraction: https://github.com/Shrutibaya/DisTracker-Hardware,"ECE: 7
Electrical: 7","Online Test containing Technical Section and Aptitude via this I got Mentoship, After the mentorship our work during those 4 weeks was reviewed by our mentors and then an internship was offered.",Online Test containing Technical Section and Aptitude,"Deepen their Core knowledge, just the coursework","My projects were discussed, How will I code my projects in microprocessor, coa, op-amps,why i am interested towards the core.","coa,op-amp,capacitor,mosfet",from 2nd Year starting,https://drive.google.com/drive/folders/1w4OkUV0wn8ojmJDIxO0uLryT9JJXVV-y,Just prepare brief about your projects,Work Hard,"Experience type:
Internship

Branch:
Electronics and Communication Engineering

Company:
Texas Instruments

Role:
Analog Role

Compensation:
75000

Job description:
Analog Role, yet to declare the speicfic team in which i will be placed

Students recruited:
4 from our college

Academic profile:
My cgpa is 7.68 and firstly I got mentorship on campus when the company visited our college in the end of 2nd year.I got selected in the mentorship which was 4-week mentorship program named Wish program.You can check this out to get more info about the my mentorship :  https://www.linkedin.com/posts/shruti-baya-382b0b284_wish-texasinstruments-wish-activity-7343175082984312832-CYlQ?utm_source=share&utm_medium=member_desktop&rcm=ACoAAEU4UFIBCMatz1Bq4UsQ876znQuaE-EqII0

Projects:
I have worked on an a wristband which allows student to study without distraction: https://github.com/Shrutibaya/DisTracker-Hardware

Eligibility:
ECE: 7
Electrical: 7

Selection procedure:
Online Test containing Technical Section and Aptitude via this I got Mentoship, After the mentorship our work during those 4 weeks was reviewed by our mentors and then an internship was offered.

Test description:
Online Test containing Technical Section and Aptitude

Test preparation:
Deepen their Core knowledge, just the coursework

Interview experience:
My projects were discussed, How will I code my projects in microprocessor, coa, op-amps,why i am interested towards the core.

Important topics:
coa,op-amp,capacitor,mosfet

Preparation started:
from 2nd Year starting

Resources:
https://drive.google.com/drive/folders/1w4OkUV0wn8ojmJDIxO0uLryT9JJXVV-y

Last-minute preparation:
Just prepare brief about your projects

Advice for juniors:
Work Hard"
I009,Internship,Computer Science and Engineering,Deutsche Bank,Intern Analyst,75K,"As an incoming Technology Intern at Deutsche Bank, I will be part of the Technology, Data & Innovation (TDI) division, where I’ll gain hands-on experience in developing and delivering technology solutions that support the bank’s global operations. The internship will focus on modernising IT infrastructure, simplifying complex systems, and leveraging cloud and agile technologies. Through real-world projects, training, and collaboration with experienced professionals, I aim to strengthen my technical, analytical, and problem-solving skills while understanding how technology drives innovation in the financial sector.",10,"I am pursuing my undergraduate degree with a CGPA of 8.1. I have hands-on experience in full-stack web development using the MERN stack and have completed training in HTML, CSS, JavaScript, and backend development. I’ve also participated in coding workshops and technical events, enhancing my problem-solving and teamwork skills. My technical skills include C++, Python, JavaScript, Node.js, Express, MongoDB, React, and MySQL.","I have worked on full-stack web development projects using the MERN stack. I started building them to strengthen my practical understanding of backend development and explore how real-world applications handle authentication, databases, and cloud integration. I began working on these projects during my second year to apply what I learned from online courses and improve my problem-solving and development skills","CSE: 7
ECE: 7
Electrical: 7
Mechanical: 7
Civil: 7
Chemical: 7
Metallurgy: 7",The selection procedure consisted of one online assessment followed by three interview rounds — two technical rounds and one HR round. The online assessment tested core CS fundamentals and included DSA questions. Both technical interviews focused on DSA problems and discussions about my projects. The HR round covered behavioral and motivation-based questions.,The online assessment tested core computer science fundamentals and problem-solving skills. It included questions on data structures and algorithms to evaluate logical thinking and coding ability.,"To prepare for the tests, consistently practice coding on platforms like LeetCode, GeeksforGeeks, or Codeforces. Follow structured resources like Striver’s sheet, focus on understanding concepts, and be honest with yourself about your strengths and weaknesses. Daily practice and persistence are key","My interview experience was encouraging and supportive. The interviewers wanted candidates to succeed, so even if you’re unsure, being honest, thinking aloud, and staying confident goes a long way. A highlight for me was explaining my thought process clearly during a challenging DSA problem — the interviewer appreciated my approach and guided me through the solution, which motivated me to stay confident and learn continuously.","The company expects candidates to have a strong understanding of core computer science subjects, including data structures and algorithms (DSA), object-oriented programming (OOPs), and database management systems (DBMS). Additionally, familiarity with coding, problem-solving, and basic computer science fundamentals is important.","I started preparing for internships during my second year, focusing on strengthening my coding skills, understanding core CS subjects, and building practical experience through full-stack development projects.","For DSA, I referred to Striver’s Sheet and Love Babbar’s resources. For core subjects like OOP, DBMS, and CS fundamentals, I used Gate Smashers and Knowledge Gate. For web development, one can follow any popular online course available to gain practical skills.","Focus on revising core CS concepts, practicing important DSA problems, and going through your projects to discuss them confidently. Stay calm, think aloud during problem-solving, and manage your time wisely during tests and interviews.","Start preparing early by strengthening your coding skills and core CS concepts. Practice consistently on platforms like LeetCode, Striver’s Sheet, and Love Babbar’s resources, and work on small projects to gain practical experience. Stay curious, be honest in interviews, and always think aloud to show your problem-solving approach.","Experience type:
Internship

Branch:
Computer Science and Engineering

Company:
Deutsche Bank

Role:
Intern Analyst

Compensation:
75K

Job description:
As an incoming Technology Intern at Deutsche Bank, I will be part of the Technology, Data & Innovation (TDI) division, where I’ll gain hands-on experience in developing and delivering technology solutions that support the bank’s global operations. The internship will focus on modernising IT infrastructure, simplifying complex systems, and leveraging cloud and agile technologies. Through real-world projects, training, and collaboration with experienced professionals, I aim to strengthen my technical, analytical, and problem-solving skills while understanding how technology drives innovation in the financial sector.

Students recruited:
10

Academic profile:
I am pursuing my undergraduate degree with a CGPA of 8.1. I have hands-on experience in full-stack web development using the MERN stack and have completed training in HTML, CSS, JavaScript, and backend development. I’ve also participated in coding workshops and technical events, enhancing my problem-solving and teamwork skills. My technical skills include C++, Python, JavaScript, Node.js, Express, MongoDB, React, and MySQL.

Projects:
I have worked on full-stack web development projects using the MERN stack. I started building them to strengthen my practical understanding of backend development and explore how real-world applications handle authentication, databases, and cloud integration. I began working on these projects during my second year to apply what I learned from online courses and improve my problem-solving and development skills

Eligibility:
CSE: 7
ECE: 7
Electrical: 7
Mechanical: 7
Civil: 7
Chemical: 7
Metallurgy: 7

Selection procedure:
The selection procedure consisted of one online assessment followed by three interview rounds — two technical rounds and one HR round. The online assessment tested core CS fundamentals and included DSA questions. Both technical interviews focused on DSA problems and discussions about my projects. The HR round covered behavioral and motivation-based questions.

Test description:
The online assessment tested core computer science fundamentals and problem-solving skills. It included questions on data structures and algorithms to evaluate logical thinking and coding ability.

Test preparation:
To prepare for the tests, consistently practice coding on platforms like LeetCode, GeeksforGeeks, or Codeforces. Follow structured resources like Striver’s sheet, focus on understanding concepts, and be honest with yourself about your strengths and weaknesses. Daily practice and persistence are key

Interview experience:
My interview experience was encouraging and supportive. The interviewers wanted candidates to succeed, so even if you’re unsure, being honest, thinking aloud, and staying confident goes a long way. A highlight for me was explaining my thought process clearly during a challenging DSA problem — the interviewer appreciated my approach and guided me through the solution, which motivated me to stay confident and learn continuously.

Important topics:
The company expects candidates to have a strong understanding of core computer science subjects, including data structures and algorithms (DSA), object-oriented programming (OOPs), and database management systems (DBMS). Additionally, familiarity with coding, problem-solving, and basic computer science fundamentals is important.

Preparation started:
I started preparing for internships during my second year, focusing on strengthening my coding skills, understanding core CS subjects, and building practical experience through full-stack development projects.

Resources:
For DSA, I referred to Striver’s Sheet and Love Babbar’s resources. For core subjects like OOP, DBMS, and CS fundamentals, I used Gate Smashers and Knowledge Gate. For web development, one can follow any popular online course available to gain practical skills.

Last-minute preparation:
Focus on revising core CS concepts, practicing important DSA problems, and going through your projects to discuss them confidently. Stay calm, think aloud during problem-solving, and manage your time wisely during tests and interviews.

Advice for juniors:
Start preparing early by strengthening your coding skills and core CS concepts. Practice consistently on platforms like LeetCode, Striver’s Sheet, and Love Babbar’s resources, and work on small projects to gain practical experience. Stay curious, be honest in interviews, and always think aloud to show your problem-solving approach."
I010,Internship,Computer Science and Engineering,BNY Mellon,Summer Intern 2026,75000,"Learn in an agile environment to design and develop software and automate solutions throughout the Software Development life cycle.Software development focusing on architecture, design, coding, and testing.Analyze requirements and learn to create specifications and design documents. Research on different software engineering solutions & methodologies to recommend the optimal solutions to the problem. Learning to build robust, reliable, and scalable solutions in a cross-functional team environment.",5,"CGPA: 9.4 

Projects:
->Personal Budget Tracker (MERN):
a full-stack application using MongoDB, Express, React, and Node.js for managing personal finances. Implemented JWT-based authentication, interactive charts, Excel export, and a responsive UI using Tailwind CSS.


Technical Skills:
->Programming Languages: C++, C
->Web Technologies: HTML, CSS, JavaScript, React, Node.js, MongoDB, Express
->Tools & Platforms: Git, GitHub, Recharts
->Core Competencies: Data Structures & Algorithms, Object-Oriented Design, Database Management, Full-Stack Development","At first, I worked on smaller projects like the Rock Paper Scissor Game and the Amazon Frontend Clone to strengthen my fundamentals in HTML, CSS, and JavaScript. These projects helped me understand web structure, styling, and interactivity.
Later, for my semester project, I developed the Personal Budget Tracker (MERN). Instead of submitting it as a basic assignment, I completely delved into it and built a full-fledged application from scratch. It took me around 15 days to complete and gave me valuable experience in authentication, database management, and creating responsive UIs using React and Tailwind CSS. This project helped me connect classroom learning with real-world development.","CSE: 7
ECE: 7
Electrical: 7
Mechanical: 7
Civil: 7
Chemical: 7
Metallurgy: 7
Architecture: 7","first-> Online Assessment - had 4 question with a time limit of 2 hr 45 minutes, all were dsa      and cp based

second-> technical interview
third -> HR round","1 question ->  Leetcode Medium
2,3,4 -> Hard
topics -> kruskals algorithm, dp on trees, factorial finding, etc.
criteria for shortlisting was based on the relative performance

Technical Interview -> core subjects knowledge was tested
                                       like dbms, oops, etc.
                                       mine was completely focused on oops concepts","dsa -> striver dsa sheet
cp -> cp-31 sheet by tle eliminators
oops, dbms -> gfg articles
projects -> use ai to revise your projects

this will be enough to prepare for the tests.","->Whatever you mention on your resume must be something you have personally worked on and fully understand.
->If you haven’t done a part of it or lack deep knowledge, have a valid and honest reason — interviewers do consider that.
->I was rejected by two companies earlier because I couldn’t answer some project-related questions from a team project.
->In my BNY interview, I clearly mentioned that my Personal Budget Tracker (MERN) was a semester project, and I had implemented it up to a certain level, so I might not be able to answer all advanced questions.
->This approach was suggested by my friends, and sharing interview experiences with peers helped me improve a lot.
->In the technical round, I was asked almost every concept of OOPs, so having strong fundamentals is essential.
->In the HR round, although I couldn’t answer several questions, I stayed confident, maintained my composure, and practiced cross-questioning, which I found very effective.","OOPs
DBMS
DSA 
Projects
ML (basics)",3rd sem,"dsa -> striver dsa sheet
cp -> cp-31 sheet by tle eliminators
oops, dbms -> gfg articles
projects -> use ai to revise your projects","Customize your CV according to the company — highlight the skills and projects that best align with their work and values.
Research the company before the interview:
Understand what they work on and their core business areas.
Know what qualities or skills they expect from candidates.
Keep a few star-marked topics that you often forget and revise them a day before the test or interview.
Prepare behavioral questions (like strengths, weaknesses, challenges faced, etc.) to handle HR rounds confidently.
Read past interview experiences to get an idea of the question patterns and interviewer expectations.
In the final hours, avoid heavy reading — instead, discuss key points with friends to stay relaxed and confident.",keep DSA and core subjects at first in your priority,"Experience type:
Internship

Branch:
Computer Science and Engineering

Company:
BNY Mellon

Role:
Summer Intern 2026

Compensation:
75000

Job description:
Learn in an agile environment to design and develop software and automate solutions throughout the Software Development life cycle.Software development focusing on architecture, design, coding, and testing.Analyze requirements and learn to create specifications and design documents. Research on different software engineering solutions & methodologies to recommend the optimal solutions to the problem. Learning to build robust, reliable, and scalable solutions in a cross-functional team environment.

Students recruited:
5

Academic profile:
CGPA: 9.4 

Projects:
->Personal Budget Tracker (MERN):
a full-stack application using MongoDB, Express, React, and Node.js for managing personal finances. Implemented JWT-based authentication, interactive charts, Excel export, and a responsive UI using Tailwind CSS.


Technical Skills:
->Programming Languages: C++, C
->Web Technologies: HTML, CSS, JavaScript, React, Node.js, MongoDB, Express
->Tools & Platforms: Git, GitHub, Recharts
->Core Competencies: Data Structures & Algorithms, Object-Oriented Design, Database Management, Full-Stack Development

Projects:
At first, I worked on smaller projects like the Rock Paper Scissor Game and the Amazon Frontend Clone to strengthen my fundamentals in HTML, CSS, and JavaScript. These projects helped me understand web structure, styling, and interactivity.
Later, for my semester project, I developed the Personal Budget Tracker (MERN). Instead of submitting it as a basic assignment, I completely delved into it and built a full-fledged application from scratch. It took me around 15 days to complete and gave me valuable experience in authentication, database management, and creating responsive UIs using React and Tailwind CSS. This project helped me connect classroom learning with real-world development.

Eligibility:
CSE: 7
ECE: 7
Electrical: 7
Mechanical: 7
Civil: 7
Chemical: 7
Metallurgy: 7
Architecture: 7

Selection procedure:
first-> Online Assessment - had 4 question with a time limit of 2 hr 45 minutes, all were dsa      and cp based

second-> technical interview
third -> HR round

Test description:
1 question ->  Leetcode Medium
2,3,4 -> Hard
topics -> kruskals algorithm, dp on trees, factorial finding, etc.
criteria for shortlisting was based on the relative performance

Technical Interview -> core subjects knowledge was tested
                                       like dbms, oops, etc.
                                       mine was completely focused on oops concepts

Test preparation:
dsa -> striver dsa sheet
cp -> cp-31 sheet by tle eliminators
oops, dbms -> gfg articles
projects -> use ai to revise your projects

this will be enough to prepare for the tests.

Interview experience:
->Whatever you mention on your resume must be something you have personally worked on and fully understand.
->If you haven’t done a part of it or lack deep knowledge, have a valid and honest reason — interviewers do consider that.
->I was rejected by two companies earlier because I couldn’t answer some project-related questions from a team project.
->In my BNY interview, I clearly mentioned that my Personal Budget Tracker (MERN) was a semester project, and I had implemented it up to a certain level, so I might not be able to answer all advanced questions.
->This approach was suggested by my friends, and sharing interview experiences with peers helped me improve a lot.
->In the technical round, I was asked almost every concept of OOPs, so having strong fundamentals is essential.
->In the HR round, although I couldn’t answer several questions, I stayed confident, maintained my composure, and practiced cross-questioning, which I found very effective.

Important topics:
OOPs
DBMS
DSA 
Projects
ML (basics)

Preparation started:
3rd sem

Resources:
dsa -> striver dsa sheet
cp -> cp-31 sheet by tle eliminators
oops, dbms -> gfg articles
projects -> use ai to revise your projects

Last-minute preparation:
Customize your CV according to the company — highlight the skills and projects that best align with their work and values.
Research the company before the interview:
Understand what they work on and their core business areas.
Know what qualities or skills they expect from candidates.
Keep a few star-marked topics that you often forget and revise them a day before the test or interview.
Prepare behavioral questions (like strengths, weaknesses, challenges faced, etc.) to handle HR rounds confidently.
Read past interview experiences to get an idea of the question patterns and interviewer expectations.
In the final hours, avoid heavy reading — instead, discuss key points with friends to stay relaxed and confident.

Advice for juniors:
keep DSA and core subjects at first in your priority"
I011,Internship,Electronics and Communication Engineering,Deutsche Bank,Intern Analyst,75000,"Our technology teams deliver and manage engineering solutions to support the bank’s global customers. They develop and deliver solutions to help modernise technology solutions, to reduce complexity and risk, and to drive business growth. Our Technology Intern Programme offers you a wide variety of opportunities within technology, and we’re looking for bright minds like yours to help us make pioneering strides in today’s fast moving digital world. Through job placements, training courses, seminars, and a variety of networking events you will gain a wide range of practical experience and interpersonal skills with a bank that’s truly driving change in the financial and digital world.",10,"my current CGPA is 9.33 
My projects includes ""Stock market analysis and prediction using LSTM"" which is a solo Data science project and ""SnapSearch"" which is a group project(from different colleges) that works on image encryption and Steganography.
My technical skills include DSA, OOPS, DBMS, OS, Data Science, Web Development.","I worked on the ""Stock market analysis and prediction using LSTM"" project during my 2nd year after I learned data science with a thought to implement my knowledge of data science to a real life working model that is useful. It was a one month long project with different models that tested and analyzed prices of different stocks and gave the predictions based on the trends and different factor(parameters). I was able to achieve the lowest RMSE(Error) of about 5%(in a period of month).

For my second project ""SnapSearch"", I worked with my friends from my town during summer vacations of 2nd year. We created a website that encrypts the images with its keywords(description) for faster search using AI. We were able to cutdown the overhead of repeated scanning of images to get there captions rather than storing the caption in image itself. The image if shared still retained the information about the description of itself. The motive behind choosing this project was to make an offline model that can fasten your search for image on your local device.","CSE: 7
ECE: 7
Electrical: 7","1. Online assessment
2. Technical interview-1
3. Technical interview-2
4. HR interview","OA had questions based on dynamic programing, graph and even had MCQs based on concepts of OOPS(JAVA), DBMS, OS.","Preparation should include equal weightage of DSA and CS core fundamentals.
One should dedicate himself to prepare concepts of DP and Graphs and for DBMS, SQL is a must thing. They do ask SQL queries in the interview. Most of the questions asked in interviews are from Leetcode itself, which makes it the best platform to practice even for SQL.","While there were moments where I stumbled or didn't know the exact answers, I maintained my composure. I clearly and gently acknowledged the areas where I lacked knowledge.  I tried to form a connection with the interviewer and decode their question to see the bigger picture. That way, I knew exactly how to aim my answer to match what they needed to hear.","Intern candidates should have an intermediate skill level in DSA, and be a beginner in DBMS, OOPs, and Operating Systems (OS). Hands-on experience in both DSA and SQL is required.",During the end of my 3rd semester.,"I primarily used Striver's DSA Sheet for Data Structures and Algorithms preparation. For Computer Science core fundamentals, I relied on YouTube channels, specifically Apna College and CodeHelp, to create my study notes. Other than that I learned Data Science picking up different topics from different youtube channels as required.","Make short, easy-to-read notes for all your basic computer science topics; these notes are essential for a quick review right before the interview. Second, you must know the technology and design of your projects inside and out, making sure you can clearly explain why you made those choices. Lastly, your resume has to be completely up-to-date and only include honest, accurate information about what you can do.",Don't wait to start.,"Experience type:
Internship

Branch:
Electronics and Communication Engineering

Company:
Deutsche Bank

Role:
Intern Analyst

Compensation:
75000

Job description:
Our technology teams deliver and manage engineering solutions to support the bank’s global customers. They develop and deliver solutions to help modernise technology solutions, to reduce complexity and risk, and to drive business growth. Our Technology Intern Programme offers you a wide variety of opportunities within technology, and we’re looking for bright minds like yours to help us make pioneering strides in today’s fast moving digital world. Through job placements, training courses, seminars, and a variety of networking events you will gain a wide range of practical experience and interpersonal skills with a bank that’s truly driving change in the financial and digital world.

Students recruited:
10

Academic profile:
my current CGPA is 9.33 
My projects includes ""Stock market analysis and prediction using LSTM"" which is a solo Data science project and ""SnapSearch"" which is a group project(from different colleges) that works on image encryption and Steganography.
My technical skills include DSA, OOPS, DBMS, OS, Data Science, Web Development.

Projects:
I worked on the ""Stock market analysis and prediction using LSTM"" project during my 2nd year after I learned data science with a thought to implement my knowledge of data science to a real life working model that is useful. It was a one month long project with different models that tested and analyzed prices of different stocks and gave the predictions based on the trends and different factor(parameters). I was able to achieve the lowest RMSE(Error) of about 5%(in a period of month).

For my second project ""SnapSearch"", I worked with my friends from my town during summer vacations of 2nd year. We created a website that encrypts the images with its keywords(description) for faster search using AI. We were able to cutdown the overhead of repeated scanning of images to get there captions rather than storing the caption in image itself. The image if shared still retained the information about the description of itself. The motive behind choosing this project was to make an offline model that can fasten your search for image on your local device.

Eligibility:
CSE: 7
ECE: 7
Electrical: 7

Selection procedure:
1. Online assessment
2. Technical interview-1
3. Technical interview-2
4. HR interview

Test description:
OA had questions based on dynamic programing, graph and even had MCQs based on concepts of OOPS(JAVA), DBMS, OS.

Test preparation:
Preparation should include equal weightage of DSA and CS core fundamentals.
One should dedicate himself to prepare concepts of DP and Graphs and for DBMS, SQL is a must thing. They do ask SQL queries in the interview. Most of the questions asked in interviews are from Leetcode itself, which makes it the best platform to practice even for SQL.

Interview experience:
While there were moments where I stumbled or didn't know the exact answers, I maintained my composure. I clearly and gently acknowledged the areas where I lacked knowledge.  I tried to form a connection with the interviewer and decode their question to see the bigger picture. That way, I knew exactly how to aim my answer to match what they needed to hear.

Important topics:
Intern candidates should have an intermediate skill level in DSA, and be a beginner in DBMS, OOPs, and Operating Systems (OS). Hands-on experience in both DSA and SQL is required.

Preparation started:
During the end of my 3rd semester.

Resources:
I primarily used Striver's DSA Sheet for Data Structures and Algorithms preparation. For Computer Science core fundamentals, I relied on YouTube channels, specifically Apna College and CodeHelp, to create my study notes. Other than that I learned Data Science picking up different topics from different youtube channels as required.

Last-minute preparation:
Make short, easy-to-read notes for all your basic computer science topics; these notes are essential for a quick review right before the interview. Second, you must know the technology and design of your projects inside and out, making sure you can clearly explain why you made those choices. Lastly, your resume has to be completely up-to-date and only include honest, accurate information about what you can do.

Advice for juniors:
Don't wait to start."
I012,Internship,Electronics and Communication Engineering,ACKO and Deutsche Bank,Software Development Engineer and Graduate Analyst respectively,40k per month,Software Development and Finance and consulting  respectively,4 and 6 respectively,"CGPA : 7.58
Summer Intern at Axivise Technologies Hyderabad (Remote)
Progects: one on Web Development, and One based out of a competition held on Kaggle","One project was based on Web Development, it was basically an interview simulating website, which with the help of ai created a simulation of interview, where the ai would ask questions and rate your answers and provide u feedback, i started working on this in the start of january 2025, and since development and ai are the major focus during an interview i chose this, and since i am frequently participating in competitions held on kaggle my other project was solely a notebook which i submitted on kaggle during a competition and i added that as a project in my resume","CSE: 7.5
ECE: 7.5","there were 3 rounds in Acko and Deutsche both 2 technical and 1 hr, 1st round in acko focused more on my DSA skills and we talked a bit about my resume and projects, 2nd round i was asked one dsa question and then most part of the interview was focused on my past projects and my internship, 1st round in Deutsche was also dsa focused, and in 2nd round there was 1 dsa question, and then we discussed about my projjects, intern experience, and there was a major part of the interview focused on High level design too. In all the interviews i was asked to solve the given dsa question on paper. HR was easy in both, you just always have to be diplomatic and show your curiosity and hunger to always keep learning , and why you want to join their company.","OAs are mostly focused on DSA and difficulty level depends on the company, but in general there are 3 standard questions focusing on most basic data structures and algorithms","you can practise from strivers dsa sheet, and consistently give contests on leetcode and codeforces to improve your accuracy and speed","If you have revised core subjects and have sufficient dsa practise, interview should be a piece of cake, you just need to keep your calm and focus on solving the problem while discussing your approach with tthe interviewer, i have seen that in many interviews even if they fail to solve the questions correctly, they pass the interview, just bcoz even if they didn't solve, they consistently tried and had the right approach in mind and were heading in the right direction, for hr rounds, you have to speak with confidence and diplomatically, they basically check that you can work well with others, so just show that you can and u have a great personality","Focus on DSA, Development backend mostly, api design etc, and System Design is imp, as they are beginning to ask from this which they didn't for our seniors, and for core dbms, os and cn, dbms and os are very imp, focus on cn for networking companies such as cisco, and keep yourself updated with the basics of ai and machine learning and the current trends",around jan 2024,"Cracking the coding interview book and striver sheet, and leetcode and codeforces for dsa practise, codeforces helped my with mental ability and speed and leetcode help me refine my algorithms","revise your resume thorougly word to word, and revise the interview questions that are asked from core subjects, you can't revise dsa last minute it just depends on how much practise u have done before, so just focus on resume and core","dsa is major portion of interview, so focus on dsa and practise consistently and give contests on leetcode and codeforces, they helped me a LOT, it helps with mental ability and will help a lot in interviews","Experience type:
Internship

Branch:
Electronics and Communication Engineering

Company:
ACKO and Deutsche Bank

Role:
Software Development Engineer and Graduate Analyst respectively

Compensation:
40k per month

Job description:
Software Development and Finance and consulting  respectively

Students recruited:
4 and 6 respectively

Academic profile:
CGPA : 7.58
Summer Intern at Axivise Technologies Hyderabad (Remote)
Progects: one on Web Development, and One based out of a competition held on Kaggle

Projects:
One project was based on Web Development, it was basically an interview simulating website, which with the help of ai created a simulation of interview, where the ai would ask questions and rate your answers and provide u feedback, i started working on this in the start of january 2025, and since development and ai are the major focus during an interview i chose this, and since i am frequently participating in competitions held on kaggle my other project was solely a notebook which i submitted on kaggle during a competition and i added that as a project in my resume

Eligibility:
CSE: 7.5
ECE: 7.5

Selection procedure:
there were 3 rounds in Acko and Deutsche both 2 technical and 1 hr, 1st round in acko focused more on my DSA skills and we talked a bit about my resume and projects, 2nd round i was asked one dsa question and then most part of the interview was focused on my past projects and my internship, 1st round in Deutsche was also dsa focused, and in 2nd round there was 1 dsa question, and then we discussed about my projjects, intern experience, and there was a major part of the interview focused on High level design too. In all the interviews i was asked to solve the given dsa question on paper. HR was easy in both, you just always have to be diplomatic and show your curiosity and hunger to always keep learning , and why you want to join their company.

Test description:
OAs are mostly focused on DSA and difficulty level depends on the company, but in general there are 3 standard questions focusing on most basic data structures and algorithms

Test preparation:
you can practise from strivers dsa sheet, and consistently give contests on leetcode and codeforces to improve your accuracy and speed

Interview experience:
If you have revised core subjects and have sufficient dsa practise, interview should be a piece of cake, you just need to keep your calm and focus on solving the problem while discussing your approach with tthe interviewer, i have seen that in many interviews even if they fail to solve the questions correctly, they pass the interview, just bcoz even if they didn't solve, they consistently tried and had the right approach in mind and were heading in the right direction, for hr rounds, you have to speak with confidence and diplomatically, they basically check that you can work well with others, so just show that you can and u have a great personality

Important topics:
Focus on DSA, Development backend mostly, api design etc, and System Design is imp, as they are beginning to ask from this which they didn't for our seniors, and for core dbms, os and cn, dbms and os are very imp, focus on cn for networking companies such as cisco, and keep yourself updated with the basics of ai and machine learning and the current trends

Preparation started:
around jan 2024

Resources:
Cracking the coding interview book and striver sheet, and leetcode and codeforces for dsa practise, codeforces helped my with mental ability and speed and leetcode help me refine my algorithms

Last-minute preparation:
revise your resume thorougly word to word, and revise the interview questions that are asked from core subjects, you can't revise dsa last minute it just depends on how much practise u have done before, so just focus on resume and core

Advice for juniors:
dsa is major portion of interview, so focus on dsa and practise consistently and give contests on leetcode and codeforces, they helped me a LOT, it helps with mental ability and will help a lot in interviews"
I013,Internship,Computer Science and Engineering,Deutsche Bank,Graduate Analyst (SDE),22 LPA,"Develop and manage software solutions for the bank, customers and businesses to reduce risk and complexity",6,"CGPA: 8.17

Internship Experience: I have completed a research internship at IIT Hyderabad, where I worked on SOTA research in the field of Autonomous Driving and gained valuable experience.

Technical Skills: 
 Programming Languages: C, C++, Python, MySQL, HTML, JavaScript.

 Technical Proficiencies: DSA, DP, Object Oriented Programming, Computer Networks, System Design, DBMS, Computer Architecture, Deep Learning, Operating Systems.
 
 Tools and Frameworks: ReactJS, MongoDB, Express JS, Postman API, Git, GitHub.","I have worked on a wide range of projects covering C++, Machine Learning, Deep Learning, Web Development, and Generative AI.

I took a course on web development after my first year and then worked on a couple of web dev and C++ projects in my 2nd year which were supported by the ongoing course work of OOAD and DBMS.

By the end of my 2nd year, I shifted my focus to Machine learning, and have worked on multiple ML and DL projects through the 3rd year, and have also leveraged Generative AI.

Working on projects in various domain has truly improved my knowledge and has given me huge confidence walking into the placement season.","CSE: 7
ECE: 7
Electrical: 7","1 OA, 1 Technical Interview, 1Technical/Managerial Interview, 1 HR interview","The OA was simple with one easy and one medium DSA questions.

Interview Process:

Technical Round: 4 DSA questions (DP,  prefix sum, sliding window), 1 SQL question (Join, Group), OOPS, DBMS concepts, Hash map internal implementation, OS process scheduling algorithms and other theory questions.

Technical/Managerial round: 
1 SQL question(CTE, JOINS)
Resume based discussion.
Projects deep dive(reason for choosing the project, implementation details, choice of tools). 
Brief discussion about my internship at IIT Hyderabad.
Strengths, weaknesses and plan to overcome.
Discussion on what problem would I like to solve using ML, what are the different approaches to the solution, advantages and disadvantages of those approaches.

HR round: 
Behavioral questions, Past experiences, Lowest point of life, biggest challenge, how did I face them, happiest moment, Brief of my entire college experience, etc.","Regularly practice DSA questions, give contests
Plan and study all the main concepts and maintain a handwritten notes.
Thoroughly go through your projects and the tools/technologies you used.","1st interviewer had noticed from my resume that I have solved a lot of questions on leetcode and tried to challenge my dsa skills, she was impressed with my explanations and my knowledge of the core concepts.

2nd round interviewer was impressed by my internship at IIT Hyderabad and my understanding knowledge of ML,DL concepts. He also shared his own experiences with new technologies.","DSA, DBMS, OOPS, OS, SQL, ML",I started preparing by the end of 2nd year.,"GFG, W3 Schools, Perplexity AI, Youtube, Stack Overflow, Code Chef.","Ensure the projects and skills mentioned in resume align with the Job Description.
Always maintain a handwritten notes for quick revision.
Do not mention unnecessary skills that you are not confident in as they may blow your chances.
Research about the company, its values, interview process, previous interview questions.","Be consistent in your preparation, try to explain newly learnt concepts to your friends, maintain a notebook, do not get disappointed by rejections, reflect and learn from each rejection.","Experience type:
Internship

Branch:
Computer Science and Engineering

Company:
Deutsche Bank

Role:
Graduate Analyst (SDE)

Compensation:
22 LPA

Job description:
Develop and manage software solutions for the bank, customers and businesses to reduce risk and complexity

Students recruited:
6

Academic profile:
CGPA: 8.17

Internship Experience: I have completed a research internship at IIT Hyderabad, where I worked on SOTA research in the field of Autonomous Driving and gained valuable experience.

Technical Skills: 
 Programming Languages: C, C++, Python, MySQL, HTML, JavaScript.

 Technical Proficiencies: DSA, DP, Object Oriented Programming, Computer Networks, System Design, DBMS, Computer Architecture, Deep Learning, Operating Systems.
 
 Tools and Frameworks: ReactJS, MongoDB, Express JS, Postman API, Git, GitHub.

Projects:
I have worked on a wide range of projects covering C++, Machine Learning, Deep Learning, Web Development, and Generative AI.

I took a course on web development after my first year and then worked on a couple of web dev and C++ projects in my 2nd year which were supported by the ongoing course work of OOAD and DBMS.

By the end of my 2nd year, I shifted my focus to Machine learning, and have worked on multiple ML and DL projects through the 3rd year, and have also leveraged Generative AI.

Working on projects in various domain has truly improved my knowledge and has given me huge confidence walking into the placement season.

Eligibility:
CSE: 7
ECE: 7
Electrical: 7

Selection procedure:
1 OA, 1 Technical Interview, 1Technical/Managerial Interview, 1 HR interview

Test description:
The OA was simple with one easy and one medium DSA questions.

Interview Process:

Technical Round: 4 DSA questions (DP,  prefix sum, sliding window), 1 SQL question (Join, Group), OOPS, DBMS concepts, Hash map internal implementation, OS process scheduling algorithms and other theory questions.

Technical/Managerial round: 
1 SQL question(CTE, JOINS)
Resume based discussion.
Projects deep dive(reason for choosing the project, implementation details, choice of tools). 
Brief discussion about my internship at IIT Hyderabad.
Strengths, weaknesses and plan to overcome.
Discussion on what problem would I like to solve using ML, what are the different approaches to the solution, advantages and disadvantages of those approaches.

HR round: 
Behavioral questions, Past experiences, Lowest point of life, biggest challenge, how did I face them, happiest moment, Brief of my entire college experience, etc.

Test preparation:
Regularly practice DSA questions, give contests
Plan and study all the main concepts and maintain a handwritten notes.
Thoroughly go through your projects and the tools/technologies you used.

Interview experience:
1st interviewer had noticed from my resume that I have solved a lot of questions on leetcode and tried to challenge my dsa skills, she was impressed with my explanations and my knowledge of the core concepts.

2nd round interviewer was impressed by my internship at IIT Hyderabad and my understanding knowledge of ML,DL concepts. He also shared his own experiences with new technologies.

Important topics:
DSA, DBMS, OOPS, OS, SQL, ML

Preparation started:
I started preparing by the end of 2nd year.

Resources:
GFG, W3 Schools, Perplexity AI, Youtube, Stack Overflow, Code Chef.

Last-minute preparation:
Ensure the projects and skills mentioned in resume align with the Job Description.
Always maintain a handwritten notes for quick revision.
Do not mention unnecessary skills that you are not confident in as they may blow your chances.
Research about the company, its values, interview process, previous interview questions.

Advice for juniors:
Be consistent in your preparation, try to explain newly learnt concepts to your friends, maintain a notebook, do not get disappointed by rejections, reflect and learn from each rejection."
I014,Internship,Electrical Engineering,BNY Mellon,Software Development Engineer (SDE),75k,Software Development,5,"CGPA: 8.91

Work Experience: Built a Club Website

Projects: Resume Builder, Payments App, Web-Based Wallet, Multi-Disease Predictor

Training: NLP Workshop (1 Month, IIT Kharagpur), Blockchain & Development Workshops (College)

Technical Skills: DSA, Competitive Programming, MERN Stack, Machine Learning & Deep Learning","My first project, a Resume Builder, was developed during a college hackathon, which sparked my strong interest in web development.(During 4th sem)
 After that, I created a Payments App to explore how DBMS and transactions work in real-world systems(4th sem).

The Multi-Disease Predictor was more of a learning project to understand machine learning implementation.(During 3rd sem)

Later, I built a Blockchain-based Web Wallet to apply my blockchain knowledge — with a vision to integrate it into the Payments App for enabling features like Solana transactions. (2nd year vacations)
I have been working on an AI-powered note-taking app that allows users to query and retrieve information from their stored notes.(5th sem)

Apart from this I built some clones of spotify and netflix during my 1st year vacations and 3rd sem","CSE: 7
ECE: 7
Electrical: 7
Mechanical: 7
Civil: 7
Chemical: 7
Metallurgy: 7
Architecture: 7","First was Online Assessment Round (OA) - 17 students got shortlisted for interviews

For interviews there were 2 rounds :
Round 1 : Technical
Round 2 : Technical + HR","BNY’s Online Assessment (OA) was one of the best conducted so far. It lasted 2 hours 45 minutes and consisted of 4 Competitive Programming problems, randomly allotted from a larger question pool.

The problems I received were based on:

1. BFS
2. Combinatorics
3. DP on Trees
4. Binary Search + Kruskal’s Algorithm","For most of the company's OA striver A2Z DSA sheet is enough but some companies do ask problems based on competitive programming 
So my advice would be complete your DSA first...solving around 500 - 600 leetcode problems are enough
And after solving 100 problems you can start CP in parallel and try to solve problems of graphs since they do come in OA","The first round went very smoothly. In my earlier DE Shaw interview, I solved both DSA problems but wasn’t expecting in-depth CS core questions. That experience motivated me to strengthen my fundamentals, which became a game changer in the BNY interview.

The first round, conducted by a Vice President, focused on CS core and interest-based questions, and I was confident throughout. By the end, when he asked “Why BNY,” I was sure I’d move ahead. The round lasted about 40 minutes.

The second round (Tech + HR) involved detailed project discussions, feature-building tasks, and some technical questions. There was even a light moment when I was asked “How does an induction motor start?” — a simple concept, but fun to get in a tech interview! Overall, I managed well and was selected.","DSA compulsory 
CS core subjects (usually OOPS and DBMS (Cisco expects CN as well))
Every point mentioned in resume
Advice : 
Nowadays AI is important so if try to explore ML domain and if you have mentioned ML then you need to know the maths behind the algos...maths is super important",I completed DSA in 1st year but I was intern focused since 3rd sem,"There are tonnes of resources honestly, to name a few : 
For DSA theory : Striver and Babbar
For DSA and CP concepts and practice :
1. Codeforces, Leetcode, Codechef (only contests) SPOJ, Atcoder
2. USACO guide
3. CSES sheet
4. Striver A2Z sheet
5. asksenior.in

For development: Harkirat , blogs internet surfing 
For machine learning : a lot of resources (drive links, iitg , krishNayak, statquest, andrew NG)
Offline : 
C2C summer Camp sessions","Mention those things in CV in which you are confident every keyword can become a reason for rejection so you should have in depth idea of all the mentioned tech in your resume 
Also try to make resume a bit company specific go to gfg experiences of that company and understand what it asks and make changes accordingly
At last , be confident do not revise/ discuss study at the last moment before interview it creates panic...and try to communicate with the interviewer and ensure you both are on the same page",If you are coming into this tech field give everything you've got doesn't matter what the threshold is but try to excel and learn every single day,"Experience type:
Internship

Branch:
Electrical Engineering

Company:
BNY Mellon

Role:
Software Development Engineer (SDE)

Compensation:
75k

Job description:
Software Development

Students recruited:
5

Academic profile:
CGPA: 8.91

Work Experience: Built a Club Website

Projects: Resume Builder, Payments App, Web-Based Wallet, Multi-Disease Predictor

Training: NLP Workshop (1 Month, IIT Kharagpur), Blockchain & Development Workshops (College)

Technical Skills: DSA, Competitive Programming, MERN Stack, Machine Learning & Deep Learning

Projects:
My first project, a Resume Builder, was developed during a college hackathon, which sparked my strong interest in web development.(During 4th sem)
 After that, I created a Payments App to explore how DBMS and transactions work in real-world systems(4th sem).

The Multi-Disease Predictor was more of a learning project to understand machine learning implementation.(During 3rd sem)

Later, I built a Blockchain-based Web Wallet to apply my blockchain knowledge — with a vision to integrate it into the Payments App for enabling features like Solana transactions. (2nd year vacations)
I have been working on an AI-powered note-taking app that allows users to query and retrieve information from their stored notes.(5th sem)

Apart from this I built some clones of spotify and netflix during my 1st year vacations and 3rd sem

Eligibility:
CSE: 7
ECE: 7
Electrical: 7
Mechanical: 7
Civil: 7
Chemical: 7
Metallurgy: 7
Architecture: 7

Selection procedure:
First was Online Assessment Round (OA) - 17 students got shortlisted for interviews

For interviews there were 2 rounds :
Round 1 : Technical
Round 2 : Technical + HR

Test description:
BNY’s Online Assessment (OA) was one of the best conducted so far. It lasted 2 hours 45 minutes and consisted of 4 Competitive Programming problems, randomly allotted from a larger question pool.

The problems I received were based on:

1. BFS
2. Combinatorics
3. DP on Trees
4. Binary Search + Kruskal’s Algorithm

Test preparation:
For most of the company's OA striver A2Z DSA sheet is enough but some companies do ask problems based on competitive programming 
So my advice would be complete your DSA first...solving around 500 - 600 leetcode problems are enough
And after solving 100 problems you can start CP in parallel and try to solve problems of graphs since they do come in OA

Interview experience:
The first round went very smoothly. In my earlier DE Shaw interview, I solved both DSA problems but wasn’t expecting in-depth CS core questions. That experience motivated me to strengthen my fundamentals, which became a game changer in the BNY interview.

The first round, conducted by a Vice President, focused on CS core and interest-based questions, and I was confident throughout. By the end, when he asked “Why BNY,” I was sure I’d move ahead. The round lasted about 40 minutes.

The second round (Tech + HR) involved detailed project discussions, feature-building tasks, and some technical questions. There was even a light moment when I was asked “How does an induction motor start?” — a simple concept, but fun to get in a tech interview! Overall, I managed well and was selected.

Important topics:
DSA compulsory 
CS core subjects (usually OOPS and DBMS (Cisco expects CN as well))
Every point mentioned in resume
Advice : 
Nowadays AI is important so if try to explore ML domain and if you have mentioned ML then you need to know the maths behind the algos...maths is super important

Preparation started:
I completed DSA in 1st year but I was intern focused since 3rd sem

Resources:
There are tonnes of resources honestly, to name a few : 
For DSA theory : Striver and Babbar
For DSA and CP concepts and practice :
1. Codeforces, Leetcode, Codechef (only contests) SPOJ, Atcoder
2. USACO guide
3. CSES sheet
4. Striver A2Z sheet
5. asksenior.in

For development: Harkirat , blogs internet surfing 
For machine learning : a lot of resources (drive links, iitg , krishNayak, statquest, andrew NG)
Offline : 
C2C summer Camp sessions

Last-minute preparation:
Mention those things in CV in which you are confident every keyword can become a reason for rejection so you should have in depth idea of all the mentioned tech in your resume 
Also try to make resume a bit company specific go to gfg experiences of that company and understand what it asks and make changes accordingly
At last , be confident do not revise/ discuss study at the last moment before interview it creates panic...and try to communicate with the interviewer and ensure you both are on the same page

Advice for juniors:
If you are coming into this tech field give everything you've got doesn't matter what the threshold is but try to excel and learn every single day"
I015,Internship,Electrical Engineering,Nvidia,System software engineering intern,80000,Software engineer,1,"I am currently pursuing a B.Tech in Electrical Engineering at Malaviya National Institute of Technology, Jaipur, with a CGPA of 8.32.

I worked as an REW Intern at Cultfit Healthcare Pvt. Ltd., Bangalore in my first year
I have completed projects like:

Adaptive RAG System for Medical Guidance – built using Python, LangGraph, Neo4j, MongoDB, and TensorFlow for intelligent medical query handling.

Customer Churn Prediction System – developed an end-to-end machine learning pipeline using Python, scikit-learn, and data visualization tools. 
my technical skills include DSA, c++,python,SQL and core cs concepts such as OOPS,DBMS","I started working on my projects during my second year when I wanted to apply what I was learning in class to real-world problems. My Customer Churn Prediction System began as a way to explore machine learning and data analytics — I wanted to understand how companies use data to predict customer behavior.

Later, I built the Adaptive RAG System for Medical Guidance, which I chose because I was fascinated by how AI can assist in healthcare. I started this project in May 2025 and focused on integrating multiple technologies like LangGraph, Neo4j, and TensorFlow to create a more dynamic and intelligent query system.","CSE: 8
ECE: 8
Electrical: 8","The selection process consisted of one Online Assessment (OA) round and one interview round.

The OA round included an aptitude test, coding-based multiple-choice questions related to core computer science concepts, and two DSA coding questions focused on arrays and strings.

Shortlisted candidates were then called for a single technical interview round, which tested problem-solving ability, understanding of core concepts, and project knowledge.","The online assessment included aptitude questions on logical reasoning and quantitative ability, along with coding MCQs based on OOPs and Operating System concepts.

It also featured two coding questions — one on arrays and one on strings","Focus on DSA fundamentals and practice a variety of coding problems. Also, build a strong understanding of core CS subjects such as OOPs,DBMS,SQL.","There was one interview round that lasted about an hour. The interview began with a conceptual question on OOPs, followed by two DSA questions — one based on arrays and another on bit manipulation.

I was also asked several questions related to C++ programming concepts and a few from Operating Systems, focusing on practical understanding and application of these topics.",DSA and core cs concepts,4th semester,"I primarily used Striver's SDE Sheet for my DSA preparation. It provides a structured set of problems that covers all the important topics needed for technical interviews. I supplemented this by practicing on platforms like LeetCode.To build a strong foundation in core computer science subjects like Database Management Systems (DBMS) and Object-Oriented Programming (OOP), I followed Love Babbar's lectures and content.",revise dsa concepts as much as you can,"A strong CGPA, is often the first filter for many companies, so it's important to stay consistent with your studies. I highly recommend following a structured resource like Striver's SDE Sheet. It provides a clear roadmap and helps you focus on the most frequently asked questions.","Experience type:
Internship

Branch:
Electrical Engineering

Company:
Nvidia

Role:
System software engineering intern

Compensation:
80000

Job description:
Software engineer

Students recruited:
1

Academic profile:
I am currently pursuing a B.Tech in Electrical Engineering at Malaviya National Institute of Technology, Jaipur, with a CGPA of 8.32.

I worked as an REW Intern at Cultfit Healthcare Pvt. Ltd., Bangalore in my first year
I have completed projects like:

Adaptive RAG System for Medical Guidance – built using Python, LangGraph, Neo4j, MongoDB, and TensorFlow for intelligent medical query handling.

Customer Churn Prediction System – developed an end-to-end machine learning pipeline using Python, scikit-learn, and data visualization tools. 
my technical skills include DSA, c++,python,SQL and core cs concepts such as OOPS,DBMS

Projects:
I started working on my projects during my second year when I wanted to apply what I was learning in class to real-world problems. My Customer Churn Prediction System began as a way to explore machine learning and data analytics — I wanted to understand how companies use data to predict customer behavior.

Later, I built the Adaptive RAG System for Medical Guidance, which I chose because I was fascinated by how AI can assist in healthcare. I started this project in May 2025 and focused on integrating multiple technologies like LangGraph, Neo4j, and TensorFlow to create a more dynamic and intelligent query system.

Eligibility:
CSE: 8
ECE: 8
Electrical: 8

Selection procedure:
The selection process consisted of one Online Assessment (OA) round and one interview round.

The OA round included an aptitude test, coding-based multiple-choice questions related to core computer science concepts, and two DSA coding questions focused on arrays and strings.

Shortlisted candidates were then called for a single technical interview round, which tested problem-solving ability, understanding of core concepts, and project knowledge.

Test description:
The online assessment included aptitude questions on logical reasoning and quantitative ability, along with coding MCQs based on OOPs and Operating System concepts.

It also featured two coding questions — one on arrays and one on strings

Test preparation:
Focus on DSA fundamentals and practice a variety of coding problems. Also, build a strong understanding of core CS subjects such as OOPs,DBMS,SQL.

Interview experience:
There was one interview round that lasted about an hour. The interview began with a conceptual question on OOPs, followed by two DSA questions — one based on arrays and another on bit manipulation.

I was also asked several questions related to C++ programming concepts and a few from Operating Systems, focusing on practical understanding and application of these topics.

Important topics:
DSA and core cs concepts

Preparation started:
4th semester

Resources:
I primarily used Striver's SDE Sheet for my DSA preparation. It provides a structured set of problems that covers all the important topics needed for technical interviews. I supplemented this by practicing on platforms like LeetCode.To build a strong foundation in core computer science subjects like Database Management Systems (DBMS) and Object-Oriented Programming (OOP), I followed Love Babbar's lectures and content.

Last-minute preparation:
revise dsa concepts as much as you can

Advice for juniors:
A strong CGPA, is often the first filter for many companies, so it's important to stay consistent with your studies. I highly recommend following a structured resource like Striver's SDE Sheet. It provides a clear roadmap and helps you focus on the most frequently asked questions."
I016,Internship,Mechanical Engineering,Bajaj Auto,Octane intern,49.5k p.m. including bonuses,"Not disclosed yet in detail, but Automobile sector","1 from Mech, 1 from Meta","CGPA: 8.02, I have done a research internship at IIT Mandi where I did a project on Heat Transfer simulation; I also worked on an ML project, that was the part of our Mechanical course work only. 
So I knew Python, Basics of Finite Element Analysis, and basics of its software.","I got interested in Heat Transfer in sem IV, that’s where I decided to work on it. I found an opportunity at IIT Mandi under a professor the following summer.","CSE: 7
ECE: 7
Electrical: 7
Mechanical: 7
Civil: 7
Chemical: 7
Metallurgy: 7",1 technical test > 1 Technical round > 1 HR round,"Technical test: Took place in CC, had a lot of questions from mechanical and meta common subjects, some qns from Civil,  Electrical. 
Mostly from Mechanical though. 
Tech round: Around 10 people shortlisted from Mech. Included questions from basics of your previous subjects. More focus on past experience(if any). 
HR Round: Final 3 people selected to attend this, this was a light one.","See you need to have not very deep but a base understanding of your core subjects taught till now. So brush up your basics, now have your strong subjects from the pillars of your branch till sem 4. For example in Mechanical, Strength of Materials, Fluid Mechanics, Heat Transfer, Materials, have good understanding of these atleast. Again coverage over depth here! 

Try to have at least 1 Research Intern in your court. 
Mail profs at IITs, other premier research institutes, somehow you will reach someone working in your topic of interest. 

Keep working on your communications skills, consume online content in English, talk with your peers in English. For a lot of people, who aren’t proficient in English, should start bit by bit, eventually your confidence will increase.",My interview was centered around my Research Internship. And what can I do new to innovate that project. Just very few Mechanical Engineering basic questions were asked.,"IC Engines 
Strength of Materials + Basics of Materials
Theory of Machines 
Heat Transfer + Fluid Mechanics 

This is priority order for Bajaj.
Also have an idea of not the formulae, but concepts and definitions, very basic, from Operations.","To be honest, it wasn’t exactly like that, I got to brush up some basics in a day or two, but yeah during my Summer intern time period, I did it religiously, as it was my area of interest. And that was a game changer for me.","Just coursework, but for Research internship.","For automobile companies, IC Engines is very important, so include in areas of interest. Operations is also very important. Though I was much inclined towards Heat transfer, I included that. 
Make sure your cv reflects practical learning instead if just coursework. Practical learning is in your projects, internships, softwares for design(if you’ve learnt it). 

FOR LAST MINUTE prep, revise just basic concepts of what I told, along with what you did in your projects. 
And according to the company’s work, think what is useful for them.","Be clear that your communication skill and confidence is what will differentiate you from the rest, it will supersede your CG criteria too. So consume the content you find online in English. 
Try speaking English as much as you can, just be fluent in it. Also communication is much more than just a language, it includes your confidence and body-language too.","Experience type:
Internship

Branch:
Mechanical Engineering

Company:
Bajaj Auto

Role:
Octane intern

Compensation:
49.5k p.m. including bonuses

Job description:
Not disclosed yet in detail, but Automobile sector

Students recruited:
1 from Mech, 1 from Meta

Academic profile:
CGPA: 8.02, I have done a research internship at IIT Mandi where I did a project on Heat Transfer simulation; I also worked on an ML project, that was the part of our Mechanical course work only. 
So I knew Python, Basics of Finite Element Analysis, and basics of its software.

Projects:
I got interested in Heat Transfer in sem IV, that’s where I decided to work on it. I found an opportunity at IIT Mandi under a professor the following summer.

Eligibility:
CSE: 7
ECE: 7
Electrical: 7
Mechanical: 7
Civil: 7
Chemical: 7
Metallurgy: 7

Selection procedure:
1 technical test > 1 Technical round > 1 HR round

Test description:
Technical test: Took place in CC, had a lot of questions from mechanical and meta common subjects, some qns from Civil,  Electrical. 
Mostly from Mechanical though. 
Tech round: Around 10 people shortlisted from Mech. Included questions from basics of your previous subjects. More focus on past experience(if any). 
HR Round: Final 3 people selected to attend this, this was a light one.

Test preparation:
See you need to have not very deep but a base understanding of your core subjects taught till now. So brush up your basics, now have your strong subjects from the pillars of your branch till sem 4. For example in Mechanical, Strength of Materials, Fluid Mechanics, Heat Transfer, Materials, have good understanding of these atleast. Again coverage over depth here! 

Try to have at least 1 Research Intern in your court. 
Mail profs at IITs, other premier research institutes, somehow you will reach someone working in your topic of interest. 

Keep working on your communications skills, consume online content in English, talk with your peers in English. For a lot of people, who aren’t proficient in English, should start bit by bit, eventually your confidence will increase.

Interview experience:
My interview was centered around my Research Internship. And what can I do new to innovate that project. Just very few Mechanical Engineering basic questions were asked.

Important topics:
IC Engines 
Strength of Materials + Basics of Materials
Theory of Machines 
Heat Transfer + Fluid Mechanics 

This is priority order for Bajaj.
Also have an idea of not the formulae, but concepts and definitions, very basic, from Operations.

Preparation started:
To be honest, it wasn’t exactly like that, I got to brush up some basics in a day or two, but yeah during my Summer intern time period, I did it religiously, as it was my area of interest. And that was a game changer for me.

Resources:
Just coursework, but for Research internship.

Last-minute preparation:
For automobile companies, IC Engines is very important, so include in areas of interest. Operations is also very important. Though I was much inclined towards Heat transfer, I included that. 
Make sure your cv reflects practical learning instead if just coursework. Practical learning is in your projects, internships, softwares for design(if you’ve learnt it). 

FOR LAST MINUTE prep, revise just basic concepts of what I told, along with what you did in your projects. 
And according to the company’s work, think what is useful for them.

Advice for juniors:
Be clear that your communication skill and confidence is what will differentiate you from the rest, it will supersede your CG criteria too. So consume the content you find online in English. 
Try speaking English as much as you can, just be fluent in it. Also communication is much more than just a language, it includes your confidence and body-language too."
I017,Internship,Electronics and Communication Engineering,Barclays,Compliance Intern,75K/month,"At a high level the purpose of the role is to provide support to the various Compliance functions which could include check and challenge on requirements and internal policies, support /conduct compliance assurance reviews in line with the regulatory/ internal policy requirements, Support Employee/Client Surveillance and Investigation requirements and drive continuous improvement activities across Compliance with a focus To provide support to the Compliance Data Analytics team and drive continuous improvement activities across Compliance with a focus on data analysis and insights.",3,"CGPA: 9.28 (up to 5th semester)

Projects & Activities:

Developed a complete Red Light Green Light game using Python and 
Organized a department event PhaseShift during Sphinx as part of the ECE Placement Club team.

Programming Languages:
C/C++, Python, JavaScript, Kotlin, SQL

Web Development:
MERN Stack (MongoDB, Express.js, React.js, Node.js)

Technologies & Tools:
Visual Studio Code, Android Studio, MongoDB Compass, Postman, MATLAB, LaTeX

Databases:
MySQL, MongoDB

Coursework:
Data Structures, Algorithms, Operating Systems, Computer Architecture, Object-Oriented Programming, Microprocessors","I have worked on multiple full-stack projects using the MERN stack as well as Kotlin, Android Studio, and Firebase for app development. I started building these projects in my second year to gain a complete understanding of how web applications and mobile apps work. I also have a strong interest in finance, so I created a trading-related project to automate workflows and make the process easier for users based on their strategies.

Project Details:

TradeSmart – Momentum Retest Stock Scanner | Python, Node.js, React, MongoDB, Lightweight-Charts, Yahoo Finance

Built TradeSmart, a full-stack stock scanner for NSE that identifies momentum-based trading opportunities using EMA retests on 1-minute, 5-minute, and daily charts.

Implemented an automated backtesting engine using yFinance and MongoDB, accurately recording win/loss outcomes based on future candle data for strategy validation.

Developed an interactive React dashboard using Tailwind and Lightweight Charts to visualize stock entries, EMA overlays, volume, and trade results.

Set up cron-scheduled weekly cleanup and summary reporting, storing win/loss statistics and optimizing MongoDB data retention for better performance.","CSE: 6
ECE: 6
Electrical: 6
Mechanical: 6
Civil: 6
Chemical: 6
Metallurgy: 6
Architecture: 6","The selection procedure began with the Caffinity test and a technical test. After these rounds, CV screening was conducted based on CGPA and other factors. A total of 18 students were shortlisted for interviews.

There were two interview rounds:
Round 1: Technical + Project Discussion
Round 2: HR Round","The Caffinity Test is Barclays’ cognitive and behavioral assessment that evaluates logical reasoning, analytical thinking, and cultural fit. It includes aptitude questions, situational judgment scenarios, and personality-based items

The Technical Test included two DSA problems based on arrays, linked lists, and strings. The overall difficulty level was easy to medium.","Focus on DSA and practice various coding problems.Build a understanding of core CS: OPP, DBMS and SQL.","In Round 1, two interviewers were present. The interview started with a DSA question, for which I had to write the solution in Python. The problem was straightforward. After that, they asked one SQL query, which was also simple. They also asked my Basic question of OOP.

Then we moved into a detailed discussion about my projects. They focused especially on my TradeSmart project—asking why I chose to build it, what features it includes, and how it is different from existing tools. Since I am interested in trading, the HR also asked me to suggest a stock, which led to a short conversation about market strategies.

Toward the end, they asked what I know about Barclays and why I want to work there. Their reaction made me feel confident that I would be selected for the next round.
The entire round lasted for about 30 minutes.

Round 2 focused more on behavioral and life-based questions rather than technical topics. The interviewer asked situational questions such as how I handle challenges when I get stuck, and whether there was a time in my life when I failed but made a strong comeback. These questions were aimed at understanding my problem-solving mindset and resilience.

They also asked about my family—what my father, mother, and sister do—to get a sense of my background. Another interesting question was why I chose software development even though I have a high CGPA, which allowed me to explain my genuine interest in technology and real-world problem solving.

Overall, this round was more of an HR and personality fit discussion, and it lasted for about 30 minutes.","SQL,DSA in python, OOP","I started preparing from my 3rd semester, focusing mainly on building projects. By the 4th semester, I shifted more attention towards DSA, and the summer vacation played a major role in strengthening my preparation.","For DSA theroy: Striver , Babbar and Abdul bari
For OOP and SQL: Apna College
For Practice: 1. Leetcode
2. Striver A2Z Sheet
3.GFG
4.Codeforces","Only mention the skills in your CV that you are truly confident about, because every word can be questioned in the interview. Be confident and communicate clearly—this creates a strong impact on the interviewer. Companies don’t expect you to know everything; they look for someone who can handle situations effectively and think calmly under pressure. Also, avoid studying right before the interview. Stay relaxed and trust your preparation.","1st Year:
Focus on maintaining a strong CGPA, explore various domains, and actively participate in clubs and activities to understand your interests.

2nd Year:
Start practicing in the domain you’re interested in.
For software roles, begin solving DSA problems and start building projects—preferably with unique ideas rather than common templates.

3rd Year:
Stay consistent and keep strengthening your DSA fundamentals.
The internship season can feel stressful, but believe in yourself—you can do it.
Practice mock interviews and build confidence in both technical and behavioral questions.","Experience type:
Internship

Branch:
Electronics and Communication Engineering

Company:
Barclays

Role:
Compliance Intern

Compensation:
75K/month

Job description:
At a high level the purpose of the role is to provide support to the various Compliance functions which could include check and challenge on requirements and internal policies, support /conduct compliance assurance reviews in line with the regulatory/ internal policy requirements, Support Employee/Client Surveillance and Investigation requirements and drive continuous improvement activities across Compliance with a focus To provide support to the Compliance Data Analytics team and drive continuous improvement activities across Compliance with a focus on data analysis and insights.

Students recruited:
3

Academic profile:
CGPA: 9.28 (up to 5th semester)

Projects & Activities:

Developed a complete Red Light Green Light game using Python and 
Organized a department event PhaseShift during Sphinx as part of the ECE Placement Club team.

Programming Languages:
C/C++, Python, JavaScript, Kotlin, SQL

Web Development:
MERN Stack (MongoDB, Express.js, React.js, Node.js)

Technologies & Tools:
Visual Studio Code, Android Studio, MongoDB Compass, Postman, MATLAB, LaTeX

Databases:
MySQL, MongoDB

Coursework:
Data Structures, Algorithms, Operating Systems, Computer Architecture, Object-Oriented Programming, Microprocessors

Projects:
I have worked on multiple full-stack projects using the MERN stack as well as Kotlin, Android Studio, and Firebase for app development. I started building these projects in my second year to gain a complete understanding of how web applications and mobile apps work. I also have a strong interest in finance, so I created a trading-related project to automate workflows and make the process easier for users based on their strategies.

Project Details:

TradeSmart – Momentum Retest Stock Scanner | Python, Node.js, React, MongoDB, Lightweight-Charts, Yahoo Finance

Built TradeSmart, a full-stack stock scanner for NSE that identifies momentum-based trading opportunities using EMA retests on 1-minute, 5-minute, and daily charts.

Implemented an automated backtesting engine using yFinance and MongoDB, accurately recording win/loss outcomes based on future candle data for strategy validation.

Developed an interactive React dashboard using Tailwind and Lightweight Charts to visualize stock entries, EMA overlays, volume, and trade results.

Set up cron-scheduled weekly cleanup and summary reporting, storing win/loss statistics and optimizing MongoDB data retention for better performance.

Eligibility:
CSE: 6
ECE: 6
Electrical: 6
Mechanical: 6
Civil: 6
Chemical: 6
Metallurgy: 6
Architecture: 6

Selection procedure:
The selection procedure began with the Caffinity test and a technical test. After these rounds, CV screening was conducted based on CGPA and other factors. A total of 18 students were shortlisted for interviews.

There were two interview rounds:
Round 1: Technical + Project Discussion
Round 2: HR Round

Test description:
The Caffinity Test is Barclays’ cognitive and behavioral assessment that evaluates logical reasoning, analytical thinking, and cultural fit. It includes aptitude questions, situational judgment scenarios, and personality-based items

The Technical Test included two DSA problems based on arrays, linked lists, and strings. The overall difficulty level was easy to medium.

Test preparation:
Focus on DSA and practice various coding problems.Build a understanding of core CS: OPP, DBMS and SQL.

Interview experience:
In Round 1, two interviewers were present. The interview started with a DSA question, for which I had to write the solution in Python. The problem was straightforward. After that, they asked one SQL query, which was also simple. They also asked my Basic question of OOP.

Then we moved into a detailed discussion about my projects. They focused especially on my TradeSmart project—asking why I chose to build it, what features it includes, and how it is different from existing tools. Since I am interested in trading, the HR also asked me to suggest a stock, which led to a short conversation about market strategies.

Toward the end, they asked what I know about Barclays and why I want to work there. Their reaction made me feel confident that I would be selected for the next round.
The entire round lasted for about 30 minutes.

Round 2 focused more on behavioral and life-based questions rather than technical topics. The interviewer asked situational questions such as how I handle challenges when I get stuck, and whether there was a time in my life when I failed but made a strong comeback. These questions were aimed at understanding my problem-solving mindset and resilience.

They also asked about my family—what my father, mother, and sister do—to get a sense of my background. Another interesting question was why I chose software development even though I have a high CGPA, which allowed me to explain my genuine interest in technology and real-world problem solving.

Overall, this round was more of an HR and personality fit discussion, and it lasted for about 30 minutes.

Important topics:
SQL,DSA in python, OOP

Preparation started:
I started preparing from my 3rd semester, focusing mainly on building projects. By the 4th semester, I shifted more attention towards DSA, and the summer vacation played a major role in strengthening my preparation.

Resources:
For DSA theroy: Striver , Babbar and Abdul bari
For OOP and SQL: Apna College
For Practice: 1. Leetcode
2. Striver A2Z Sheet
3.GFG
4.Codeforces

Last-minute preparation:
Only mention the skills in your CV that you are truly confident about, because every word can be questioned in the interview. Be confident and communicate clearly—this creates a strong impact on the interviewer. Companies don’t expect you to know everything; they look for someone who can handle situations effectively and think calmly under pressure. Also, avoid studying right before the interview. Stay relaxed and trust your preparation.

Advice for juniors:
1st Year:
Focus on maintaining a strong CGPA, explore various domains, and actively participate in clubs and activities to understand your interests.

2nd Year:
Start practicing in the domain you’re interested in.
For software roles, begin solving DSA problems and start building projects—preferably with unique ideas rather than common templates.

3rd Year:
Stay consistent and keep strengthening your DSA fundamentals.
The internship season can feel stressful, but believe in yourself—you can do it.
Practice mock interviews and build confidence in both technical and behavioral questions."
I018,Internship,Computer Science and Engineering,Expedia group,Mobile engineer,50000,"As a Mobile Engineer at Expedia, you will design and build scalable, fault-tolerant mobile applications used by millions of travelers worldwide. You will collaborate with designers, product managers, and engineers to deliver high-quality features across Android or iOS, ensuring a consistent experience between mobile and desktop platforms. The role involves end-to-end ownership of features, frequent production releases, performance measurement, and continuous improvement, with a strong focus on mobile-first, maintainable, and high-performance solutions.",5,"My overall cgpa is 9.42  , work on a club website , Projects :- Resume builder , hotel listing website , song recommender app , portfolio website , sahyak app , calculator app , quiz app , event management website , e sports project management , assembly compiler , no such training prigram and workshops , Technical skills : C++, Python, HTML, CSS, JavaScript, SQL,postgresql, GitHub , Next.js React.js , Node.js , Express.js , MongoDB , Pandas , Flask, Numpy , Sckit-learn ,
TensorFlow. Data Structures, Algorithm, Data Preprocessing, Machine Learning, Database Management System, Object-
Oriented Programming, Computer Networks ,  mern stack , web development , app development","Hostel listing website :- Its basically first project in my 3rd sem to learn and give insights about how the backend works how all the crud operations works and how the data is stored into database via ui its just start of my journey in web after learn html css and javascript . So in this project i normally add create listing edit add comments delete listing upload imagr and own a listing and rights to delete own comments only login signup basics .


Resume Builder :- After learning and gaining experiences me and my team particpated in a hacathon organised by c2c club techexcel where we built a resume builder  website. And learn react also for that . 


ESPORTS MANAGEMENT SYSTEM :-During 4th sem also work on mern stack project using next js build a course project of databasr management system esports management website where we actually know the differnece and impotance of realtional and non realtional database beacise we have strictly follow postgresql which is relational database which help me lot on interviews because its a team project so i am able to answer all queries that we faced in a team.

Song recommender app :- In 4th sem i learned machine learning as coursework and i want to implement this algo in real lifr so i built a recommender app where i used pretrained model and made a real life application

NewsSpam : - This also in summer vacation to implemenr machine learning cincepts in real life

Shayak App :- In vacation we register for a hacathon google agentic ai day hacathon at hack2skill website and submit our idea and our idea got selected . Its a proud moment for our team beacuse its elgibilty criteria is 18+ so everyone can participate in this . Then we travel banglore for in person hacathon and made a shayak app and also suggests never leave a opportunity you have for you don't have. because if that opportunity is for you then nobody takes you seat its only for you.


Portfolio website :- in summer vacation just showcase my work in developer style using react 


Assembly compiler :- In 5th sem during course project of compiler design this give me real insights how our machine compiler our code its not a single step process its multi step process .Its interesting part is that we make our own custom language named sk language .


Event management website :- in 5th sem during course project of software engineering the main learning and interesting part of this project we learned how to start a project and make a proper documentation of our project . Mern stack project


Spotify playlist genertaoor : deep learning course projecr in 5th sem interesting and have fun to generate playlist using code.


Calculator app and notes app and quiz app : recently made to learn android development","CSE: 6
ECE: 6
Electrical: 6","Mainly its consists of 3 round
1st one is caffinity building test its a normal google form type question to know your general attitudr and behavioural aspects.
2nd one is online assessment its consists of 5 mcqs and 2 coding question
Mcqs genrally on stack queue and other dsa topics
1st question on string
2nd on binary search same question recieved in wells fargo oa just 1 2 day before
Then the last round is interview round so its basically two round proess   both are mix of technical and behaviour they actually wanr to know how we approch rather than what we conclude also they want to know how much we learnt in our half college life . 12 -13 students selecr for interviews .100 students for oa","its consists of 5 mcqs and 2 coding question
Mcqs genrally on stack and queue and other dsa topics
1st question on string
2nd on binary search same question recieved in wells fago oa just 1 2 day before","Mainly the imp part is learn dsa and onr programming language stay consitent learn other skills like web d  , ml and built some real life application , and oops , dbms , os concepts with tech also focus on your communication skills participated in activities which improve your skills , praticiapted hacathons and all other tech events , also participate in tech fests event which consists of hacthons on differenr differnr domain and minute to pitch it like events .","Interview was too smooth 
In 1st one my interiviewer asked me a question in lowest common ancestor topic and she give me some details about that and she asks for solution i shared a approach with my interview but she asked me some other way so i focused on the given details and give her a approach that approach is only because of the summer camp and our mentor who organisez this summer camp mohnish boss . After that one two more dsa questions on stack and other topics lastly she asked about projects how i solved conflicts in team project and all and asks me for any question i asked her about how we avoid conflicts in big industry and big projects and something about expedia group.

In 2nd rows different interviewer she asked 6 dsa question on different differnt topics and asked about some pre placement talk questions she wanted to know how much i am interested in expedia and then projects in last 20 min asked for my queries .","Dsa , coding language , implementation part , oops , dbms , os , system design",I am preparing internship mainly in my 3rd sem but main focus in my winter + summer vacation of 2nd year,"Striver a2z sheet , neetcode 150, leetcode daily questions , love babars playlist 

Solve problems on leetcodr , codeforces  , codechef , tle eleminator sheet and also the cses sheet.

Discuss with your friends
Attend c2c contest classes and also thr summet camp and winter camp classes its not joke but really me and my some friends attend c2c summer camp classes and its help a lot .

For web d just research on google pick one project learn some basic concepts of thr technolpgy that used in this and start engaging . Prefer any you tubr and website is ok.

For machine learning read mostly the research papers for know more better.","Always aligned your cv with the job description if its ml based company mention mostly ml related skills , if software side then include web development and all , learn the concepts of oops , dbms and dsa from your short notes or ai in last minute . Calm your mind for your interview ( 2-3 hours last minute no study ). This is not enough learned how the real things work like how chatgpt works  , how a sytem call a api , how we improve latency basic questions of daily life applications. 

Confidence on yourself if you made some mistake dont loose your confidence its help a lot always correcr is not means you are best sometimes mistakes make you perfect. Like in arcesium interview 3rd round they asked me question from system design which i never studied but its not even loose my hope and give me confidence to learn that also .","Focus on your repective domain if you are are a tech enthusist focus on dsa beacuse first step is always online assement , particiapted in college eventa to improve your communication skills and boost up your  techincal skills . Stay consistent . And for 2nd year its very cruical timr for you so focus on your studies more .","Experience type:
Internship

Branch:
Computer Science and Engineering

Company:
Expedia group

Role:
Mobile engineer

Compensation:
50000

Job description:
As a Mobile Engineer at Expedia, you will design and build scalable, fault-tolerant mobile applications used by millions of travelers worldwide. You will collaborate with designers, product managers, and engineers to deliver high-quality features across Android or iOS, ensuring a consistent experience between mobile and desktop platforms. The role involves end-to-end ownership of features, frequent production releases, performance measurement, and continuous improvement, with a strong focus on mobile-first, maintainable, and high-performance solutions.

Students recruited:
5

Academic profile:
My overall cgpa is 9.42  , work on a club website , Projects :- Resume builder , hotel listing website , song recommender app , portfolio website , sahyak app , calculator app , quiz app , event management website , e sports project management , assembly compiler , no such training prigram and workshops , Technical skills : C++, Python, HTML, CSS, JavaScript, SQL,postgresql, GitHub , Next.js React.js , Node.js , Express.js , MongoDB , Pandas , Flask, Numpy , Sckit-learn ,
TensorFlow. Data Structures, Algorithm, Data Preprocessing, Machine Learning, Database Management System, Object-
Oriented Programming, Computer Networks ,  mern stack , web development , app development

Projects:
Hostel listing website :- Its basically first project in my 3rd sem to learn and give insights about how the backend works how all the crud operations works and how the data is stored into database via ui its just start of my journey in web after learn html css and javascript . So in this project i normally add create listing edit add comments delete listing upload imagr and own a listing and rights to delete own comments only login signup basics .


Resume Builder :- After learning and gaining experiences me and my team particpated in a hacathon organised by c2c club techexcel where we built a resume builder  website. And learn react also for that . 


ESPORTS MANAGEMENT SYSTEM :-During 4th sem also work on mern stack project using next js build a course project of databasr management system esports management website where we actually know the differnece and impotance of realtional and non realtional database beacise we have strictly follow postgresql which is relational database which help me lot on interviews because its a team project so i am able to answer all queries that we faced in a team.

Song recommender app :- In 4th sem i learned machine learning as coursework and i want to implement this algo in real lifr so i built a recommender app where i used pretrained model and made a real life application

NewsSpam : - This also in summer vacation to implemenr machine learning cincepts in real life

Shayak App :- In vacation we register for a hacathon google agentic ai day hacathon at hack2skill website and submit our idea and our idea got selected . Its a proud moment for our team beacuse its elgibilty criteria is 18+ so everyone can participate in this . Then we travel banglore for in person hacathon and made a shayak app and also suggests never leave a opportunity you have for you don't have. because if that opportunity is for you then nobody takes you seat its only for you.


Portfolio website :- in summer vacation just showcase my work in developer style using react 


Assembly compiler :- In 5th sem during course project of compiler design this give me real insights how our machine compiler our code its not a single step process its multi step process .Its interesting part is that we make our own custom language named sk language .


Event management website :- in 5th sem during course project of software engineering the main learning and interesting part of this project we learned how to start a project and make a proper documentation of our project . Mern stack project


Spotify playlist genertaoor : deep learning course projecr in 5th sem interesting and have fun to generate playlist using code.


Calculator app and notes app and quiz app : recently made to learn android development

Eligibility:
CSE: 6
ECE: 6
Electrical: 6

Selection procedure:
Mainly its consists of 3 round
1st one is caffinity building test its a normal google form type question to know your general attitudr and behavioural aspects.
2nd one is online assessment its consists of 5 mcqs and 2 coding question
Mcqs genrally on stack queue and other dsa topics
1st question on string
2nd on binary search same question recieved in wells fargo oa just 1 2 day before
Then the last round is interview round so its basically two round proess   both are mix of technical and behaviour they actually wanr to know how we approch rather than what we conclude also they want to know how much we learnt in our half college life . 12 -13 students selecr for interviews .100 students for oa

Test description:
its consists of 5 mcqs and 2 coding question
Mcqs genrally on stack and queue and other dsa topics
1st question on string
2nd on binary search same question recieved in wells fago oa just 1 2 day before

Test preparation:
Mainly the imp part is learn dsa and onr programming language stay consitent learn other skills like web d  , ml and built some real life application , and oops , dbms , os concepts with tech also focus on your communication skills participated in activities which improve your skills , praticiapted hacathons and all other tech events , also participate in tech fests event which consists of hacthons on differenr differnr domain and minute to pitch it like events .

Interview experience:
Interview was too smooth 
In 1st one my interiviewer asked me a question in lowest common ancestor topic and she give me some details about that and she asks for solution i shared a approach with my interview but she asked me some other way so i focused on the given details and give her a approach that approach is only because of the summer camp and our mentor who organisez this summer camp mohnish boss . After that one two more dsa questions on stack and other topics lastly she asked about projects how i solved conflicts in team project and all and asks me for any question i asked her about how we avoid conflicts in big industry and big projects and something about expedia group.

In 2nd rows different interviewer she asked 6 dsa question on different differnt topics and asked about some pre placement talk questions she wanted to know how much i am interested in expedia and then projects in last 20 min asked for my queries .

Important topics:
Dsa , coding language , implementation part , oops , dbms , os , system design

Preparation started:
I am preparing internship mainly in my 3rd sem but main focus in my winter + summer vacation of 2nd year

Resources:
Striver a2z sheet , neetcode 150, leetcode daily questions , love babars playlist 

Solve problems on leetcodr , codeforces  , codechef , tle eleminator sheet and also the cses sheet.

Discuss with your friends
Attend c2c contest classes and also thr summet camp and winter camp classes its not joke but really me and my some friends attend c2c summer camp classes and its help a lot .

For web d just research on google pick one project learn some basic concepts of thr technolpgy that used in this and start engaging . Prefer any you tubr and website is ok.

For machine learning read mostly the research papers for know more better.

Last-minute preparation:
Always aligned your cv with the job description if its ml based company mention mostly ml related skills , if software side then include web development and all , learn the concepts of oops , dbms and dsa from your short notes or ai in last minute . Calm your mind for your interview ( 2-3 hours last minute no study ). This is not enough learned how the real things work like how chatgpt works  , how a sytem call a api , how we improve latency basic questions of daily life applications. 

Confidence on yourself if you made some mistake dont loose your confidence its help a lot always correcr is not means you are best sometimes mistakes make you perfect. Like in arcesium interview 3rd round they asked me question from system design which i never studied but its not even loose my hope and give me confidence to learn that also .

Advice for juniors:
Focus on your repective domain if you are are a tech enthusist focus on dsa beacuse first step is always online assement , particiapted in college eventa to improve your communication skills and boost up your  techincal skills . Stay consistent . And for 2nd year its very cruical timr for you so focus on your studies more ."
I019,Internship,Artificial Intelligence and Data Engineering,Wells Fargo,Intern Analyst,90K per month,Intern Analyst,10,"-> Pursuing B.Tech in Artificial Intelligence and Data Engineering from MNIT Jaipur.
-> Current CGPA: 8.89","I started working on projects from my second year to apply my understanding to real-world problems and build practical skills.
1. The AI-Based Attendance System was a group open-ended minor project in my 4th semester, where we worked on automating the attendance process using machine learning. This project helped me understand collaborative development, model integration, data handling, and building a functional web-based dashboard.
2. To strengthen my full-stack development skills, I built a MERN Stack Job Portal, which helped me learn how modern web applications handle authentication, databases, APIs, and role-based access.
3. Additionally, I created a React-based Algorithm Visualizer to deepen my understanding of core data structures and algorithms by visually demonstrating their step-by-step execution.","CSE: 7.5
ECE: 7.5
Electrical: 7.5","The recruitment process consisted of the following stages:

1.Online Assessment (OA)
2.Technical Interview – Round 1
3.Technical Interview – Round 2
4. HR Interview","The online assessment was divided into three sections.

Section 1: One medium-to-hard level DSA problem to assess problem-solving ability.

Section 2: Questions on English comprehension and business aptitude, where time management was crucial due to a higher number of questions within limited time.

Section 3: Two easy-to-medium level DSA problems.","1. Practice DSA regularly on platforms like LeetCode, Codeforces and GeeksforGeeks, focusing on core concepts and optimized solutions.
2. Revise core CS subjects such as OOPS, DBMS, and Operating Systems.
3. Prepare aptitude topics including logical reasoning, English comprehension, and business aptitude.","My overall interview experience was smooth, engaging, and learning-oriented.

Technical Interview – Round 1:
This round mainly tested my DSA and problem-solving skills. I was asked to code 2–3 coding questions and also to explain different approaches along with their time and space complexities. We also discussed the courses I had studied and how they apply in real-world scenarios. Additionally, I was asked questions related to OOPs concepts, REST APIs, authentication, machine learning, and big data basics.

Technical Interview – Round 2:
The second round was more project-oriented. I explained why I chose certain projects, how I built them, and the reasoning behind my tech stack. A large part of the discussion focused on my AI-based attendance system, including its design, techniques used, challenges faced, and related neural network concepts.

HR Interview:
The HR round was relaxed and conversational, covering basic behavioral questions and my understanding of the company.","1. Strong understanding of Data Structures and Algorithms with good problem-solving skills.
2. Ability to clearly explain projects, practical applications, and design decisions.
3. Strong understanding of machine learning and big data concepts is valued.
4. Sound knowledge of core computer science subjects such as OOPS, DBMS, and Operating Systems.
5. Comfort with basic backend concepts including APIs, authentication mechanisms, and system workflows.","I started working on DSA from my first year, but I became more focused and serious about internship preparation from my fourth semester onwards, with a structured approach towards DSA, core subjects, and project building.","For DSA preparation, I primarily followed Striver’s A2Z DSA Sheet and practiced problems regularly. For core computer science subjects, I referred to Love Babbar’s and Apna College’s lectures and resources. To strengthen conceptual clarity for each topic, I consistently read related GeeksforGeeks (GFG) articles.
For machine learning, I followed Andrew Ng’s courses and Krish Naik’s content to understand both theoretical concepts and practical insights.",Revise concepts you already know and be confident about everything mentioned on your resume. Avoid learning new topics at the last minute and focus on staying calm and clear during the interview.,"1. Practice writing complete code from scratch using a text editor or VS Code, as interview live-coding rounds often require full implementations rather than filling in predefined functions.
2. Maintain clear and organized notes to stay confident and enable quick revision.
3. Read articles from reliable sources such as GeeksforGeeks to strengthen conceptual understanding.
4. Develop a problem-solving mindset instead of memorizing solutions.

Remember that it is never too late to start—stay confident in yourself and your abilities.","Experience type:
Internship

Branch:
Artificial Intelligence and Data Engineering

Company:
Wells Fargo

Role:
Intern Analyst

Compensation:
90K per month

Job description:
Intern Analyst

Students recruited:
10

Academic profile:
-> Pursuing B.Tech in Artificial Intelligence and Data Engineering from MNIT Jaipur.
-> Current CGPA: 8.89

Projects:
I started working on projects from my second year to apply my understanding to real-world problems and build practical skills.
1. The AI-Based Attendance System was a group open-ended minor project in my 4th semester, where we worked on automating the attendance process using machine learning. This project helped me understand collaborative development, model integration, data handling, and building a functional web-based dashboard.
2. To strengthen my full-stack development skills, I built a MERN Stack Job Portal, which helped me learn how modern web applications handle authentication, databases, APIs, and role-based access.
3. Additionally, I created a React-based Algorithm Visualizer to deepen my understanding of core data structures and algorithms by visually demonstrating their step-by-step execution.

Eligibility:
CSE: 7.5
ECE: 7.5
Electrical: 7.5

Selection procedure:
The recruitment process consisted of the following stages:

1.Online Assessment (OA)
2.Technical Interview – Round 1
3.Technical Interview – Round 2
4. HR Interview

Test description:
The online assessment was divided into three sections.

Section 1: One medium-to-hard level DSA problem to assess problem-solving ability.

Section 2: Questions on English comprehension and business aptitude, where time management was crucial due to a higher number of questions within limited time.

Section 3: Two easy-to-medium level DSA problems.

Test preparation:
1. Practice DSA regularly on platforms like LeetCode, Codeforces and GeeksforGeeks, focusing on core concepts and optimized solutions.
2. Revise core CS subjects such as OOPS, DBMS, and Operating Systems.
3. Prepare aptitude topics including logical reasoning, English comprehension, and business aptitude.

Interview experience:
My overall interview experience was smooth, engaging, and learning-oriented.

Technical Interview – Round 1:
This round mainly tested my DSA and problem-solving skills. I was asked to code 2–3 coding questions and also to explain different approaches along with their time and space complexities. We also discussed the courses I had studied and how they apply in real-world scenarios. Additionally, I was asked questions related to OOPs concepts, REST APIs, authentication, machine learning, and big data basics.

Technical Interview – Round 2:
The second round was more project-oriented. I explained why I chose certain projects, how I built them, and the reasoning behind my tech stack. A large part of the discussion focused on my AI-based attendance system, including its design, techniques used, challenges faced, and related neural network concepts.

HR Interview:
The HR round was relaxed and conversational, covering basic behavioral questions and my understanding of the company.

Important topics:
1. Strong understanding of Data Structures and Algorithms with good problem-solving skills.
2. Ability to clearly explain projects, practical applications, and design decisions.
3. Strong understanding of machine learning and big data concepts is valued.
4. Sound knowledge of core computer science subjects such as OOPS, DBMS, and Operating Systems.
5. Comfort with basic backend concepts including APIs, authentication mechanisms, and system workflows.

Preparation started:
I started working on DSA from my first year, but I became more focused and serious about internship preparation from my fourth semester onwards, with a structured approach towards DSA, core subjects, and project building.

Resources:
For DSA preparation, I primarily followed Striver’s A2Z DSA Sheet and practiced problems regularly. For core computer science subjects, I referred to Love Babbar’s and Apna College’s lectures and resources. To strengthen conceptual clarity for each topic, I consistently read related GeeksforGeeks (GFG) articles.
For machine learning, I followed Andrew Ng’s courses and Krish Naik’s content to understand both theoretical concepts and practical insights.

Last-minute preparation:
Revise concepts you already know and be confident about everything mentioned on your resume. Avoid learning new topics at the last minute and focus on staying calm and clear during the interview.

Advice for juniors:
1. Practice writing complete code from scratch using a text editor or VS Code, as interview live-coding rounds often require full implementations rather than filling in predefined functions.
2. Maintain clear and organized notes to stay confident and enable quick revision.
3. Read articles from reliable sources such as GeeksforGeeks to strengthen conceptual understanding.
4. Develop a problem-solving mindset instead of memorizing solutions.

Remember that it is never too late to start—stay confident in yourself and your abilities."
I020,Internship,Electrical Engineering,Wells Fargo,Intern Analyst,Rs.90k/month,Not disclosed in detail,10,"• CGPA: 8.05

• Work Experience:
Worked on multiple college club websites and internal web applications. Started developing projects from the second year while exploring and learning in the software development domain.

• Projects:

AI-Powered Resume Builder & ATS Optimizer
Full-stack Next.js application with AI-based resume generation and ATS optimization. Implemented AI content generation using REST APIs, job-description matching, PDF parsing, and real-time ATS compatibility analysis. Deployed on AWS EC2 using Docker with performance optimization.

• Technical Skills:
Next.js, React, JavaScript, Tailwind CSS, REST APIs, AWS EC2, Docker, HTML, jsPDF, html2canvas, AI integrations","I started working on projects from the beginning of my second year as I began exploring different areas of software development. I actively participated in multiple hackathons, which helped me experiment with ideas across various domains and solve real-world problems under time constraints.

One of the key projects mentioned in my resume is an AI-powered resume generator, which I chose to build to understand how AI can be used in practical applications like resume creation and optimization. This project won 2nd prize in a hackathon, motivating me to further improve it. Along with this, I have worked on projects across different domains during hackathons, which strengthened my problem-solving and development skills.","CSE: 7.5
ECE: 7.5
Electrical: 7.5","The selection process consisted of multiple stages. The first round was an online assessment conducted to evaluate technical aptitude and problem-solving skills. Based on this, around 30 candidates were shortlisted for the interview process.

The interview stage included two technical interview rounds, focusing on technical knowledge, projects, and problem-solving ability, followed by one HR round to assess communication skills, cultural fit, and overall suitability for the role.","The online assessment round was approximately 2 hour long and was divided into multiple sections, each with its own time limit. It included one medium to hard  DSA question, two easy DSA questions, along with sections on aptitude and basic finance-related questions. The test was designed to assess problem-solving ability, DSA fundamentals, and analytical skills.","I primarily focused on DSA practice throughout my preparation. For the online assessment, I revised aptitude and basic finance concepts 2–3 days before the test. I also practiced solving questions in a timed manner to adapt to section-wise time limits.","The first technical round focused on DSA problem-solving along with an overview of my projects. I was asked to explain the approach, logic, and optimizations used in solving problems.

The second technical round was entirely project-based, with detailed discussion on everything mentioned in my resume. The interviewer mainly focused on my role in the projects, how I work in a team, my contributions, and the decisions I made during development.","The company expects candidates to have a strong understanding of Data Structures and Algorithms, especially problem-solving and logical thinking. Good knowledge of core programming concepts, projects mentioned in the resume, and practical application of technologies used is essential.

In addition, candidates should be comfortable with basic aptitude, have an understanding of system and project design at a high level, and possess strong communication and teamwork skills, as these are evaluated during interviews.",Second Year,"Strivers A to Z sheet 
Strivers 75 blind","Tailor Your CV: Update your CV according to the job description of the company. Highlight only what is relevant.

Be Honest: Do not include skills or experiences you aren’t confident about.

Quick Revision: 2–3 days before the OA, focus on:

Aptitude questions

Finance basics (if relevant)

DSA practice

Project & Resume Prep: Be ready to discuss everything you’ve mentioned in your CV in detail.",Just start building projects and practice DSA consistently — that’s the key to success.,"Experience type:
Internship

Branch:
Electrical Engineering

Company:
Wells Fargo

Role:
Intern Analyst

Compensation:
Rs.90k/month

Job description:
Not disclosed in detail

Students recruited:
10

Academic profile:
• CGPA: 8.05

• Work Experience:
Worked on multiple college club websites and internal web applications. Started developing projects from the second year while exploring and learning in the software development domain.

• Projects:

AI-Powered Resume Builder & ATS Optimizer
Full-stack Next.js application with AI-based resume generation and ATS optimization. Implemented AI content generation using REST APIs, job-description matching, PDF parsing, and real-time ATS compatibility analysis. Deployed on AWS EC2 using Docker with performance optimization.

• Technical Skills:
Next.js, React, JavaScript, Tailwind CSS, REST APIs, AWS EC2, Docker, HTML, jsPDF, html2canvas, AI integrations

Projects:
I started working on projects from the beginning of my second year as I began exploring different areas of software development. I actively participated in multiple hackathons, which helped me experiment with ideas across various domains and solve real-world problems under time constraints.

One of the key projects mentioned in my resume is an AI-powered resume generator, which I chose to build to understand how AI can be used in practical applications like resume creation and optimization. This project won 2nd prize in a hackathon, motivating me to further improve it. Along with this, I have worked on projects across different domains during hackathons, which strengthened my problem-solving and development skills.

Eligibility:
CSE: 7.5
ECE: 7.5
Electrical: 7.5

Selection procedure:
The selection process consisted of multiple stages. The first round was an online assessment conducted to evaluate technical aptitude and problem-solving skills. Based on this, around 30 candidates were shortlisted for the interview process.

The interview stage included two technical interview rounds, focusing on technical knowledge, projects, and problem-solving ability, followed by one HR round to assess communication skills, cultural fit, and overall suitability for the role.

Test description:
The online assessment round was approximately 2 hour long and was divided into multiple sections, each with its own time limit. It included one medium to hard  DSA question, two easy DSA questions, along with sections on aptitude and basic finance-related questions. The test was designed to assess problem-solving ability, DSA fundamentals, and analytical skills.

Test preparation:
I primarily focused on DSA practice throughout my preparation. For the online assessment, I revised aptitude and basic finance concepts 2–3 days before the test. I also practiced solving questions in a timed manner to adapt to section-wise time limits.

Interview experience:
The first technical round focused on DSA problem-solving along with an overview of my projects. I was asked to explain the approach, logic, and optimizations used in solving problems.

The second technical round was entirely project-based, with detailed discussion on everything mentioned in my resume. The interviewer mainly focused on my role in the projects, how I work in a team, my contributions, and the decisions I made during development.

Important topics:
The company expects candidates to have a strong understanding of Data Structures and Algorithms, especially problem-solving and logical thinking. Good knowledge of core programming concepts, projects mentioned in the resume, and practical application of technologies used is essential.

In addition, candidates should be comfortable with basic aptitude, have an understanding of system and project design at a high level, and possess strong communication and teamwork skills, as these are evaluated during interviews.

Preparation started:
Second Year

Resources:
Strivers A to Z sheet 
Strivers 75 blind

Last-minute preparation:
Tailor Your CV: Update your CV according to the job description of the company. Highlight only what is relevant.

Be Honest: Do not include skills or experiences you aren’t confident about.

Quick Revision: 2–3 days before the OA, focus on:

Aptitude questions

Finance basics (if relevant)

DSA practice

Project & Resume Prep: Be ready to discuss everything you’ve mentioned in your CV in detail.

Advice for juniors:
Just start building projects and practice DSA consistently — that’s the key to success."
I021,Internship,Artificial Intelligence and Data Engineering,Visa Inc,Software Engineering Intern,90000,"Software Engineering Intern Bengaluru, Karnataka, India What is Visa? WE ARE NOT A BANK; WE ARE NOT A CREDIT CARD COMPANY!! Visa is the world's leader in digital payments technology! Visa's mission is to connect the world through the most creative, reliable and secure payment network - enabling individuals, businesses, and economies to thrive. Our advanced global processing network, VisaNet, provides secure and reliable payments around the world, and is capable of handling over 259 billion payments transactions safely between consumers, merchants, financial institutions, and government entities in more than 200 countries and territories each year. The company's dedication to innovation drives the rapid growth of connected commerce on any device and fuels the dream of a cashless future for everyone, everywhere. As the world moves from analog to digital, Visa is applying our brand, products, people, network and scale to reshape the future of commerce. At Visa, your individuality fits right in. Working here gives you an opportunity to impact the world, invest in your career growth, and be part of an inclusive and diverse workplace. We are a global team of disruptors, trailblazers, innovators and risk-takers who help drive economic growth in even the most remote parts of the world, creatively moving the industry forward, and doing meaningful work that brings financial literacy and digital commerce to millions of unbanked and underserved consumers. You're an Individual. We're the team for you. Together, let's transform the way the world pays.  Behind the Visa brand are our talented employees who continuously raise the bar with innovative solutions and products that deliver the convenience and security of digital currency to more people all over the world. We are currently looking for candidates for our 2026 Summer Internship Program. Visa interns gain real-world experience working for one of the world's most recognized brands.  During this intensive 10–12-week internship, you will work on challenging and rewarding assignments, gain exposure to Visa business leaders and executives, and participate in social and networking opportunities. This is a hybrid position. Expectation of days in office will be confirmed by your Hiring Manager.",7,"My CGPA is 7.7, i didn't had any prior work experience. My projects were mainly focused on AI/ML and MLOps.","I started working on projects from the beginning of my second year. My interest was mainly towards building AI systems, so most of my projects were around GenAI and MLOps.","CSE: 7
ECE: 7
Electrical: 7
Mechanical: 7
Civil: 7
Chemical: 7
Metallurgy: 7
Architecture: 7","The selection process was of two stages - first online assessment then technical interview.
The online assessment was purely DSA-based and the interview was also focused on DSA along with a little bit of microservices as one of my projects was around it.","The online assessment consisted of 4 DSA problems. First one was easy, second one was also kinda easy, the third one was of medium level and the last one was of medium-hard difficulty.","Both the online assessment and interview was mainly of DSA, so if you prepare DSA well then it would be sufficient.","As the interview began, i started with my introduction and i stated one of my best projects along with my introduction then the interviewer asked me ""If you have to design an app like Uber, what steps will you take .... how will you break down the application into multiple components ..... as your interest and department is AI, how will you use AI in the application in order to boost the revenue?"". I answered all the questions step by step as I already did this kinda things earlier in one of my projects. This discussion lasted for around 20 minutes then she gave me a Leetcode medium problem to solve. I solved it in around 10 minutes then she asked me a follow-up of that problem. I coded both the solutions well, after this she told me to think of another approach by which the problem can be solved, i told her the approach but this time she didn't told me to code the solution. This lasted for again around 20 minutes. Now, At last she told me if I have any questions for her. I asked her questions from the pre-placement talk. I don't know but fortunately, I remembered that visa uses thirty layers of security while processing transactions, so i asked her to throw some light on it. She explained me the complete architecture in brief for around 10 minutes. Then I asked her what tech stack does visa uses and what do i need to prepare prior to the internship if i get selected. She told me the tech stacks and all. 
The interview was scheduled for 60 mins but in my case it lasted for around 65-70 minutes.
I believe that the last discussion played a major role in my selection.",Mainly DSA and what you have mentioned in your resume.,"I started DSA mainly in second semester. Specificially for internship, I started in summer vacations of second year.","I did complete DSA in Java so I followed Kunal Kushwaha and then Striver for Graphs and DP. For AI/ML, I followed CampusX, Vikas Das for MLOps and some other creators for in-depth architectures of deep learning models.","Focus on the PPT given by the company, that will definitely give you an edge over others. Use Striver's DSA sheet for practice, most of the questions come directly from his sheet.",Start doing striver's DSA sheet and CP-31 by TLE Eliminators (atleast till 1400 rated problems).,"Experience type:
Internship

Branch:
Artificial Intelligence and Data Engineering

Company:
Visa Inc

Role:
Software Engineering Intern

Compensation:
90000

Job description:
Software Engineering Intern Bengaluru, Karnataka, India What is Visa? WE ARE NOT A BANK; WE ARE NOT A CREDIT CARD COMPANY!! Visa is the world's leader in digital payments technology! Visa's mission is to connect the world through the most creative, reliable and secure payment network - enabling individuals, businesses, and economies to thrive. Our advanced global processing network, VisaNet, provides secure and reliable payments around the world, and is capable of handling over 259 billion payments transactions safely between consumers, merchants, financial institutions, and government entities in more than 200 countries and territories each year. The company's dedication to innovation drives the rapid growth of connected commerce on any device and fuels the dream of a cashless future for everyone, everywhere. As the world moves from analog to digital, Visa is applying our brand, products, people, network and scale to reshape the future of commerce. At Visa, your individuality fits right in. Working here gives you an opportunity to impact the world, invest in your career growth, and be part of an inclusive and diverse workplace. We are a global team of disruptors, trailblazers, innovators and risk-takers who help drive economic growth in even the most remote parts of the world, creatively moving the industry forward, and doing meaningful work that brings financial literacy and digital commerce to millions of unbanked and underserved consumers. You're an Individual. We're the team for you. Together, let's transform the way the world pays.  Behind the Visa brand are our talented employees who continuously raise the bar with innovative solutions and products that deliver the convenience and security of digital currency to more people all over the world. We are currently looking for candidates for our 2026 Summer Internship Program. Visa interns gain real-world experience working for one of the world's most recognized brands.  During this intensive 10–12-week internship, you will work on challenging and rewarding assignments, gain exposure to Visa business leaders and executives, and participate in social and networking opportunities. This is a hybrid position. Expectation of days in office will be confirmed by your Hiring Manager.

Students recruited:
7

Academic profile:
My CGPA is 7.7, i didn't had any prior work experience. My projects were mainly focused on AI/ML and MLOps.

Projects:
I started working on projects from the beginning of my second year. My interest was mainly towards building AI systems, so most of my projects were around GenAI and MLOps.

Eligibility:
CSE: 7
ECE: 7
Electrical: 7
Mechanical: 7
Civil: 7
Chemical: 7
Metallurgy: 7
Architecture: 7

Selection procedure:
The selection process was of two stages - first online assessment then technical interview.
The online assessment was purely DSA-based and the interview was also focused on DSA along with a little bit of microservices as one of my projects was around it.

Test description:
The online assessment consisted of 4 DSA problems. First one was easy, second one was also kinda easy, the third one was of medium level and the last one was of medium-hard difficulty.

Test preparation:
Both the online assessment and interview was mainly of DSA, so if you prepare DSA well then it would be sufficient.

Interview experience:
As the interview began, i started with my introduction and i stated one of my best projects along with my introduction then the interviewer asked me ""If you have to design an app like Uber, what steps will you take .... how will you break down the application into multiple components ..... as your interest and department is AI, how will you use AI in the application in order to boost the revenue?"". I answered all the questions step by step as I already did this kinda things earlier in one of my projects. This discussion lasted for around 20 minutes then she gave me a Leetcode medium problem to solve. I solved it in around 10 minutes then she asked me a follow-up of that problem. I coded both the solutions well, after this she told me to think of another approach by which the problem can be solved, i told her the approach but this time she didn't told me to code the solution. This lasted for again around 20 minutes. Now, At last she told me if I have any questions for her. I asked her questions from the pre-placement talk. I don't know but fortunately, I remembered that visa uses thirty layers of security while processing transactions, so i asked her to throw some light on it. She explained me the complete architecture in brief for around 10 minutes. Then I asked her what tech stack does visa uses and what do i need to prepare prior to the internship if i get selected. She told me the tech stacks and all. 
The interview was scheduled for 60 mins but in my case it lasted for around 65-70 minutes.
I believe that the last discussion played a major role in my selection.

Important topics:
Mainly DSA and what you have mentioned in your resume.

Preparation started:
I started DSA mainly in second semester. Specificially for internship, I started in summer vacations of second year.

Resources:
I did complete DSA in Java so I followed Kunal Kushwaha and then Striver for Graphs and DP. For AI/ML, I followed CampusX, Vikas Das for MLOps and some other creators for in-depth architectures of deep learning models.

Last-minute preparation:
Focus on the PPT given by the company, that will definitely give you an edge over others. Use Striver's DSA sheet for practice, most of the questions come directly from his sheet.

Advice for juniors:
Start doing striver's DSA sheet and CP-31 by TLE Eliminators (atleast till 1400 rated problems)."
I022,Internship,Computer Science and Engineering,Visa,Software engineer,90000,Developing software,7,"8.12, none , none , poem generator and movie ticket booking website ,none ,",Started working on both the projects in 4th sem. 1 was solo and other was group project. I choose them because i had geniune interest in those fields.,"CSE: 7
ECE: 7
Electrical: 7","Oa conducted in cc
Followed by single round of interview for shortlisted candidates","Oa consisted of 4 questions , 1 easy , 2 medium and 1 hard. I was able to solve 3 out of the 4","Oa-> prepare dsa properly , start by solving leetcode question on a daily basis
Interview-> focus on good communication as well as be thorough with your resume","The interview lasted for an hour , starting with introduction , followed by dsa finally concluded with question based on resume",Oops and dsa,"2nd year  , 3rd sem to be specific","Online -> read interview experience on gfg, naukri 360 and refered to chat gpt
Offline -> none",Be confident in yourself and stay optimistic,Focus on dsa to cleae oa and work on your soft skills to clear the interview,"Experience type:
Internship

Branch:
Computer Science and Engineering

Company:
Visa

Role:
Software engineer

Compensation:
90000

Job description:
Developing software

Students recruited:
7

Academic profile:
8.12, none , none , poem generator and movie ticket booking website ,none ,

Projects:
Started working on both the projects in 4th sem. 1 was solo and other was group project. I choose them because i had geniune interest in those fields.

Eligibility:
CSE: 7
ECE: 7
Electrical: 7

Selection procedure:
Oa conducted in cc
Followed by single round of interview for shortlisted candidates

Test description:
Oa consisted of 4 questions , 1 easy , 2 medium and 1 hard. I was able to solve 3 out of the 4

Test preparation:
Oa-> prepare dsa properly , start by solving leetcode question on a daily basis
Interview-> focus on good communication as well as be thorough with your resume

Interview experience:
The interview lasted for an hour , starting with introduction , followed by dsa finally concluded with question based on resume

Important topics:
Oops and dsa

Preparation started:
2nd year  , 3rd sem to be specific

Resources:
Online -> read interview experience on gfg, naukri 360 and refered to chat gpt
Offline -> none

Last-minute preparation:
Be confident in yourself and stay optimistic

Advice for juniors:
Focus on dsa to cleae oa and work on your soft skills to clear the interview"
I023,Internship,Computer Science and Engineering,Wells Fargo,Intern Analyst (SDE),90000,,10,"I’m currently a third-year Computer Science student here at NIT Jaipur. My academic focus has mostly been on maintaining a steady CGPA (8.35) while diving deep into Data Structures and Algorithms. I’ve solved about 600+ problems on LeetCode, which really helped me get comfortable with problem-solving. Most of my technical work revolves around C++, Python, and full-stack development using tools like React and Next.js.","I usually pick projects based on what I’m curious about learning at the time. For one of my project, KeyVision, I wanted to see if I could use OpenCV and MediaPipe to create a touchless interface. It uses 21-point landmark detection to track hand gestures and simulate keypresses in real-time. Another project, TrackTive, was my way of learning how to manage structured data models in MongoDB while using Next.js for the frontend.","CSE: 7.5
ECE: 7.5
Electrical: 7.5","Online Assessment (Aptitude and Technical Round) - 30 students were shortlisted for interviews

Interviews: 
Round 1 - Technical (online)
Round 2 - Technical + HR","1. OA (around 2 hours) - The OA was divided into three distinct sections, each with its own strict time limit and no option to switch between sections.
-> DSA Section: Contained 3 coding questions focused on data structures and algorithms.
-> English Section: Tested verbal ability and comprehension.
-> Finance Section: This was unique to the banking profile, involving data interpretation through graphs, pie charts, and stock-related logic puzzles.
The DSA questions that I received were based on:
1. DFS (similar to word search on leetcode)
2. Strings and Matrices
3. String matching

2. Technical Interview (45 Minutes)
This round focused heavily on my core CS knowledge and my ability to write clean code under pressure.
DSA: I was asked 2 coding questions that required optimized solutions.
Object-Oriented Programming (OOPS): A deep dive into OOPS principles and their practical applications.
Project Discussion

3. Technical + HR Interview (45 Minutes)
The final round was more conversational but technically broad, focusing on my ""big picture"" understanding of technology.
Very Basic System Design: Covered the basics of how to structure scalable applications.
AI & Emerging Tech: We discussed current trends in AI, which allowed me to showcase my interest in the field.
Behavioral Questions","To prepare for the tests, focus on consistent problem-solving through platforms like LeetCode to build the speed required for the time-boxed OA sections. Since Wells Fargo uses a non-switching section format, practice mock assessments to improve time management across coding, English, and finance modules. My previous interviews at other on-campus companies were instrumental; they taught me to stay composed under pressure and sharpened my ability to explain OOPS and projects clearly during technical rounds.","The interview experience was a major test of resilience. During my first technical round, a sudden Wi-Fi outage disconnected me mid-conversation. Staying calm and quickly reconnecting was crucial to show I could handle pressure. A key takeaway was that interviewers don't expect you to know everything; instead, they value a clear thought process. Even when I was unsure of a solution, explaining my logic and step-by-step approach helped me maintain a strong connection with the panel.","DSA, core CS subjects and current trends in AI","I began consistent preparation in my second year, but the process was a series of learning curves. Before Wells Fargo, I interviewed with 2 other on-campus companies. While I didn’t convert those, they were my most valuable ""mock"" sessions. I also qualified for the Cisco OA, which required a deep dive into Computer Networks. These experiences collectively sharpened my logic and helped me stay composed during the actual internship season.","1. Striver's A2Z sheet
2. Leetcode discuss section for Interview experiences
3. Wells Fargo previously asked questions wherever available on the web
4. GeeksForGeeks for core CS
5. Leetcode company wise questions","My biggest tip is to know your own resume inside out. After my other on-campus interviews, I realized that interviewers will grill you on the smallest details of your projects. In the final days, I stopped trying to learn new algorithms and instead focused on Core CS subjects like DBMS and OOPs. Also, I always try to tweak my CV slightly to highlight the skills a specific company values, like focusing on security or scalability for a bank.","Don’t let a few rejections get to you. My experiences with other on-campus companies were tough, but they were the best ""mock interviews"" I could have had. Treat every interview as a learning experience rather than a final judgment. Consistency is also key since solving one or two problems daily is much better than a weekend marathon. Also, make sure your GitHub is organized so you can actually show your work instead of just talking about it.
Another thing to keep in mind is to get familiar with a company's core values, which are generally available on their official websites.","Experience type:
Internship

Branch:
Computer Science and Engineering

Company:
Wells Fargo

Role:
Intern Analyst (SDE)

Compensation:
90000

Students recruited:
10

Academic profile:
I’m currently a third-year Computer Science student here at NIT Jaipur. My academic focus has mostly been on maintaining a steady CGPA (8.35) while diving deep into Data Structures and Algorithms. I’ve solved about 600+ problems on LeetCode, which really helped me get comfortable with problem-solving. Most of my technical work revolves around C++, Python, and full-stack development using tools like React and Next.js.

Projects:
I usually pick projects based on what I’m curious about learning at the time. For one of my project, KeyVision, I wanted to see if I could use OpenCV and MediaPipe to create a touchless interface. It uses 21-point landmark detection to track hand gestures and simulate keypresses in real-time. Another project, TrackTive, was my way of learning how to manage structured data models in MongoDB while using Next.js for the frontend.

Eligibility:
CSE: 7.5
ECE: 7.5
Electrical: 7.5

Selection procedure:
Online Assessment (Aptitude and Technical Round) - 30 students were shortlisted for interviews

Interviews: 
Round 1 - Technical (online)
Round 2 - Technical + HR

Test description:
1. OA (around 2 hours) - The OA was divided into three distinct sections, each with its own strict time limit and no option to switch between sections.
-> DSA Section: Contained 3 coding questions focused on data structures and algorithms.
-> English Section: Tested verbal ability and comprehension.
-> Finance Section: This was unique to the banking profile, involving data interpretation through graphs, pie charts, and stock-related logic puzzles.
The DSA questions that I received were based on:
1. DFS (similar to word search on leetcode)
2. Strings and Matrices
3. String matching

2. Technical Interview (45 Minutes)
This round focused heavily on my core CS knowledge and my ability to write clean code under pressure.
DSA: I was asked 2 coding questions that required optimized solutions.
Object-Oriented Programming (OOPS): A deep dive into OOPS principles and their practical applications.
Project Discussion

3. Technical + HR Interview (45 Minutes)
The final round was more conversational but technically broad, focusing on my ""big picture"" understanding of technology.
Very Basic System Design: Covered the basics of how to structure scalable applications.
AI & Emerging Tech: We discussed current trends in AI, which allowed me to showcase my interest in the field.
Behavioral Questions

Test preparation:
To prepare for the tests, focus on consistent problem-solving through platforms like LeetCode to build the speed required for the time-boxed OA sections. Since Wells Fargo uses a non-switching section format, practice mock assessments to improve time management across coding, English, and finance modules. My previous interviews at other on-campus companies were instrumental; they taught me to stay composed under pressure and sharpened my ability to explain OOPS and projects clearly during technical rounds.

Interview experience:
The interview experience was a major test of resilience. During my first technical round, a sudden Wi-Fi outage disconnected me mid-conversation. Staying calm and quickly reconnecting was crucial to show I could handle pressure. A key takeaway was that interviewers don't expect you to know everything; instead, they value a clear thought process. Even when I was unsure of a solution, explaining my logic and step-by-step approach helped me maintain a strong connection with the panel.

Important topics:
DSA, core CS subjects and current trends in AI

Preparation started:
I began consistent preparation in my second year, but the process was a series of learning curves. Before Wells Fargo, I interviewed with 2 other on-campus companies. While I didn’t convert those, they were my most valuable ""mock"" sessions. I also qualified for the Cisco OA, which required a deep dive into Computer Networks. These experiences collectively sharpened my logic and helped me stay composed during the actual internship season.

Resources:
1. Striver's A2Z sheet
2. Leetcode discuss section for Interview experiences
3. Wells Fargo previously asked questions wherever available on the web
4. GeeksForGeeks for core CS
5. Leetcode company wise questions

Last-minute preparation:
My biggest tip is to know your own resume inside out. After my other on-campus interviews, I realized that interviewers will grill you on the smallest details of your projects. In the final days, I stopped trying to learn new algorithms and instead focused on Core CS subjects like DBMS and OOPs. Also, I always try to tweak my CV slightly to highlight the skills a specific company values, like focusing on security or scalability for a bank.

Advice for juniors:
Don’t let a few rejections get to you. My experiences with other on-campus companies were tough, but they were the best ""mock interviews"" I could have had. Treat every interview as a learning experience rather than a final judgment. Consistency is also key since solving one or two problems daily is much better than a weekend marathon. Also, make sure your GitHub is organized so you can actually show your work instead of just talking about it.
Another thing to keep in mind is to get familiar with a company's core values, which are generally available on their official websites."
I024,Internship,Civil Engineering,JP Morgan Chase,Corporate investment banking research intern,135000,"I’ll support global banking teams by preparing pitch books and client materials, including market and industry analysis, financial analysis and valuations, company and investor profiles, benchmarking, and internal approval documents.I’ll research companies and industries, track key trends, and synthesize news and financial reports to create client updates and internal insights.",10 for cib role,"8.54 
My projects basically included some financial modelling reports which i created ,along with some real time job simulations of big world banks","I got to know about them from the seniors where I researched more about it and selected few good real time job simulations like that of jp morgan ,citi bank and bank of america .I started learning more about financial modelling from different youtube channels etc","CSE: 7
ECE: 7
Electrical: 7
Mechanical: 7
Civil: 7
Chemical: 7
Metallurgy: 7
Architecture: 7","There was a oa at first ,then some candidates got shortlisted,then a gd(group discussion) happened ,then the selected candidates moved to 1st round of technical interview,then the 2nd technical interview,and final was the HR round.","OA included mcqs of aptitude,basic finance markets, quantitative methods etc .In Gd ,a topic was given before hand where we have to prepare accordingly,then in technical rounds ,core finance questions were asked.And HR round ended with few of the behavioural questions","One can prepare by learning about financial modelling (DCF) ,keeping himself updated with the current financial news ,and knowing the basic financial terms. Also keep practicing aptitude questions","In interview,they basically see your communication skills ,your financial knowledge and your aptitude 
What they ask in in my interviews were about DCF modelling, financial questions ,news related ipos , current financial points like that day's sensex,nifty50,repo rate , India's GDP ,rupee value .
They asked around 7-8 aptitude questions ,and one guesstimate was asked in 2nd techinal","Financial modelling (DCF)
Corporate finance markets 
Basic financial terms 
Current financial news 
Aptitude 
Communication",Had knowledge regarding finances and then started preparing around 10 days before,"The valuation school, pw finances ,Coursera courses ,zero1 by zerodha","Revise that day's current financial news which what's the value of nifty ,sensex and also about last few ipos","Keep yourself calm and composed,also keep your English fluent with confidence in you.And don't panic at any point","Experience type:
Internship

Branch:
Civil Engineering

Company:
JP Morgan Chase

Role:
Corporate investment banking research intern

Compensation:
135000

Job description:
I’ll support global banking teams by preparing pitch books and client materials, including market and industry analysis, financial analysis and valuations, company and investor profiles, benchmarking, and internal approval documents.I’ll research companies and industries, track key trends, and synthesize news and financial reports to create client updates and internal insights.

Students recruited:
10 for cib role

Academic profile:
8.54 
My projects basically included some financial modelling reports which i created ,along with some real time job simulations of big world banks

Projects:
I got to know about them from the seniors where I researched more about it and selected few good real time job simulations like that of jp morgan ,citi bank and bank of america .I started learning more about financial modelling from different youtube channels etc

Eligibility:
CSE: 7
ECE: 7
Electrical: 7
Mechanical: 7
Civil: 7
Chemical: 7
Metallurgy: 7
Architecture: 7

Selection procedure:
There was a oa at first ,then some candidates got shortlisted,then a gd(group discussion) happened ,then the selected candidates moved to 1st round of technical interview,then the 2nd technical interview,and final was the HR round.

Test description:
OA included mcqs of aptitude,basic finance markets, quantitative methods etc .In Gd ,a topic was given before hand where we have to prepare accordingly,then in technical rounds ,core finance questions were asked.And HR round ended with few of the behavioural questions

Test preparation:
One can prepare by learning about financial modelling (DCF) ,keeping himself updated with the current financial news ,and knowing the basic financial terms. Also keep practicing aptitude questions

Interview experience:
In interview,they basically see your communication skills ,your financial knowledge and your aptitude 
What they ask in in my interviews were about DCF modelling, financial questions ,news related ipos , current financial points like that day's sensex,nifty50,repo rate , India's GDP ,rupee value .
They asked around 7-8 aptitude questions ,and one guesstimate was asked in 2nd techinal

Important topics:
Financial modelling (DCF)
Corporate finance markets 
Basic financial terms 
Current financial news 
Aptitude 
Communication

Preparation started:
Had knowledge regarding finances and then started preparing around 10 days before

Resources:
The valuation school, pw finances ,Coursera courses ,zero1 by zerodha

Last-minute preparation:
Revise that day's current financial news which what's the value of nifty ,sensex and also about last few ipos

Advice for juniors:
Keep yourself calm and composed,also keep your English fluent with confidence in you.And don't panic at any point"
I025,Internship,Chemical Engineering,Reliance Limited,graduate trainee,30000pm,to be disclosed by company,6,"7.34 cgpa, projects involve under professor for research of LDH and simulation through dwsim, hazop study","simulated heat exchanger, another is research project under professor","Electrical: 6
Mechanical: 6
Civil: 6
Chemical: 6",2 rounds 1 was assessment 2nd was interview in assessment there were two parts 1st was of general aptitude 2nd was of technical,"all questions have time limitation so accuracy with speed is necessary, questions were related to examples of pump, heat exchanger, dimensionless number and some basic knowledge about core subjects, HAZOP and in aptitude there were direction based blood relation and other similar type questions, and there was one part of AIML as well.","have good knowledge of HT, MT fluid, dimensionless number, speed in general aptitude","1st question asked was about introduction and about projects, then why this particular company only, then asked some technical questions from real life plant based, then asked what you'll do if you get an internship in this company","heat transfer (heat exchanger, real life significance), fluid (pumps, cavitation, Navier stokes significance), mass transfer (distillation column, trays, reflux ratio)",nov25,YouTube,"make changes in CV as company requirement, ask seniors about their experience and prepare accordingly, take advice from your friends who already have given interviews, prepare your intro well, HR questions","see where your interest is and then go either for core or tech, don't rush into what everyone is doing","Experience type:
Internship

Branch:
Chemical Engineering

Company:
Reliance Limited

Role:
graduate trainee

Compensation:
30000pm

Job description:
to be disclosed by company

Students recruited:
6

Academic profile:
7.34 cgpa, projects involve under professor for research of LDH and simulation through dwsim, hazop study

Projects:
simulated heat exchanger, another is research project under professor

Eligibility:
Electrical: 6
Mechanical: 6
Civil: 6
Chemical: 6

Selection procedure:
2 rounds 1 was assessment 2nd was interview in assessment there were two parts 1st was of general aptitude 2nd was of technical

Test description:
all questions have time limitation so accuracy with speed is necessary, questions were related to examples of pump, heat exchanger, dimensionless number and some basic knowledge about core subjects, HAZOP and in aptitude there were direction based blood relation and other similar type questions, and there was one part of AIML as well.

Test preparation:
have good knowledge of HT, MT fluid, dimensionless number, speed in general aptitude

Interview experience:
1st question asked was about introduction and about projects, then why this particular company only, then asked some technical questions from real life plant based, then asked what you'll do if you get an internship in this company

Important topics:
heat transfer (heat exchanger, real life significance), fluid (pumps, cavitation, Navier stokes significance), mass transfer (distillation column, trays, reflux ratio)

Preparation started:
nov25

Resources:
YouTube

Last-minute preparation:
make changes in CV as company requirement, ask seniors about their experience and prepare accordingly, take advice from your friends who already have given interviews, prepare your intro well, HR questions

Advice for juniors:
see where your interest is and then go either for core or tech, don't rush into what everyone is doing"
I026,Internship,Metallurgical and Materials Engineering,Accenture,Advanced Application Engineer Intern,50k per month,"I will work as part of a project team to develop scalable applications using modern technologies in an agile environment, contributing to frontend/backend development, AI-based solutions, and cloud technologies while enhancing problem-solving and collaboration skills.",4,"I have a CGPA of 7.46. I have worked on projects like BlogDaily, a blogging platform built using TypeScript, Hono, and Prisma, and a Payment Web Application based on the MERN stack.
I am comfortable with programming languages such as C++, Python, and JavaScript. I have experience in web development using React, Node.js, Express, Hono, TypeScript, and Prisma. I have also used tools and technologies like Git, MongoDB, PostgreSQL, SQL, and Postman.
I have solved around 1000+ coding problems across different platforms. On Codeforces (username: vectordeepanshu), my maximum rating is 1502 (Specialist).
I do not have any prior internship or freelance experience yet, but I have focused on improving my problem-solving skills and building projects.","I started working on my projects during summer break after 2nd year to gain practical development experience. I built BlogDaily to understand full-stack architecture, authentication, and database handling, and a MERN-based payment web app to learn backend workflows and transaction logic. These projects helped me strengthen my overall development skills alongside my DSA practice.","CSE: 6
ECE: 6
Electrical: 6
Mechanical: 6
Civil: 6
Chemical: 6
Metallurgy: 6
Architecture: 6","The process included an online assessment (cognitive, technical, and coding rounds), followed by an AI-based communication round and a final technical + HR interview.","The selection process started with an online assessment, which had three sections. The first section was a cognitive assessment that tested aptitude, logical reasoning, and analytical ability.
Candidates who cleared this moved to the technical assessment, which consisted of around 50 questions covering core computer science subjects such as OOPs, Operating Systems, DBMS, Computer Networks, Cyber Security, SQL, MS Office, and pseudocode-based problem solving.
After clearing the technical section, candidates proceeded to the coding round, which included three questions: one based on Data Structures and Algorithms, one SQL query, and one frontend-based problem.
Candidates who cleared the online assessment were then shortlisted for a communication round, which was conducted using an AI-based platform to evaluate communication skills and clarity.
The final stage was a combined Technical and HR interview, where candidates were assessed on their projects, technical knowledge, and overall communication.","For the cognitive round, practice aptitude, logical reasoning.

For the technical section, revise core computer science subjects such as OOPs, Operating Systems, DBMS, Computer Networks, SQL, and basic Cyber Security concepts. Focus on important topics and commonly asked questions rather than going too deep.

For the coding round, regularly practice Data Structures and Algorithms questions and be comfortable with SQL queries and basic frontend concepts like HTML, CSS, and JavaScript.

For the communication round, practice speaking clearly and confidently. Mock interviews or recording yourself can help improve clarity and fluency.

Overall, consistent practice of coding questions, revision of core subjects, and basic communication practice is enough to prepare well for the process","The interview was smooth and mostly focused on my introduction and projects. I was asked to explain my projects, followed by some basic technical questions on databases, including differences between databases and how data is stored.
The interviewer also asked about my preferred subject, and based on that, I was asked questions on C++ and OOP concepts like polymorphism, including explaining it in a very simple way.
There were a few behavioral questions towards the end, and overall the interview was comfortable and went well.","The company mainly expects candidates to have a good understanding of basic computer science fundamentals like OOPs, DBMS, Operating Systems, and Computer Networks.
More than deep technical knowledge, the focus is on clear understanding of concepts, problem-solving ability, and basic coding skills. Candidates should also be comfortable with SQL and simple programming logic.
Overall, having strong fundamentals, the ability to explain concepts clearly, and a practical understanding of projects is important.",I started preparing for internships in my 3rd semester. I mainly focused on improving my problem-solving skills through regular coding practice and gradually started working on projects to gain practical development experience.,"For preparation, I mainly relied on online resources. I practiced coding on platforms like Codeforces and LeetCode to improve my problem-solving skills.
For SQL, I focused on directly practicing queries to strengthen my understanding. I also used YouTube and online articles to revise core subjects like DBMS, OOPs, and Operating Systems.
For project development, I referred to official documentation and online tutorials whenever needed.
I did not use any specific offline resources and mostly focused on online learning.","Revise core concepts and projects, align your CV with the role, practice a few coding/SQL questions, and focus on clear communication and confidence.","I would suggest starting competitive programming early, as it helps build strong problem-solving skills and improves logical thinking, which is very important for placements.
Along with that, try to build a few good projects to understand real-world development and strengthen your practical knowledge.
Also, stay consistent with your preparation and focus on clear understanding of basics rather than rushing into too many topics.","Experience type:
Internship

Branch:
Metallurgical and Materials Engineering

Company:
Accenture

Role:
Advanced Application Engineer Intern

Compensation:
50k per month

Job description:
I will work as part of a project team to develop scalable applications using modern technologies in an agile environment, contributing to frontend/backend development, AI-based solutions, and cloud technologies while enhancing problem-solving and collaboration skills.

Students recruited:
4

Academic profile:
I have a CGPA of 7.46. I have worked on projects like BlogDaily, a blogging platform built using TypeScript, Hono, and Prisma, and a Payment Web Application based on the MERN stack.
I am comfortable with programming languages such as C++, Python, and JavaScript. I have experience in web development using React, Node.js, Express, Hono, TypeScript, and Prisma. I have also used tools and technologies like Git, MongoDB, PostgreSQL, SQL, and Postman.
I have solved around 1000+ coding problems across different platforms. On Codeforces (username: vectordeepanshu), my maximum rating is 1502 (Specialist).
I do not have any prior internship or freelance experience yet, but I have focused on improving my problem-solving skills and building projects.

Projects:
I started working on my projects during summer break after 2nd year to gain practical development experience. I built BlogDaily to understand full-stack architecture, authentication, and database handling, and a MERN-based payment web app to learn backend workflows and transaction logic. These projects helped me strengthen my overall development skills alongside my DSA practice.

Eligibility:
CSE: 6
ECE: 6
Electrical: 6
Mechanical: 6
Civil: 6
Chemical: 6
Metallurgy: 6
Architecture: 6

Selection procedure:
The process included an online assessment (cognitive, technical, and coding rounds), followed by an AI-based communication round and a final technical + HR interview.

Test description:
The selection process started with an online assessment, which had three sections. The first section was a cognitive assessment that tested aptitude, logical reasoning, and analytical ability.
Candidates who cleared this moved to the technical assessment, which consisted of around 50 questions covering core computer science subjects such as OOPs, Operating Systems, DBMS, Computer Networks, Cyber Security, SQL, MS Office, and pseudocode-based problem solving.
After clearing the technical section, candidates proceeded to the coding round, which included three questions: one based on Data Structures and Algorithms, one SQL query, and one frontend-based problem.
Candidates who cleared the online assessment were then shortlisted for a communication round, which was conducted using an AI-based platform to evaluate communication skills and clarity.
The final stage was a combined Technical and HR interview, where candidates were assessed on their projects, technical knowledge, and overall communication.

Test preparation:
For the cognitive round, practice aptitude, logical reasoning.

For the technical section, revise core computer science subjects such as OOPs, Operating Systems, DBMS, Computer Networks, SQL, and basic Cyber Security concepts. Focus on important topics and commonly asked questions rather than going too deep.

For the coding round, regularly practice Data Structures and Algorithms questions and be comfortable with SQL queries and basic frontend concepts like HTML, CSS, and JavaScript.

For the communication round, practice speaking clearly and confidently. Mock interviews or recording yourself can help improve clarity and fluency.

Overall, consistent practice of coding questions, revision of core subjects, and basic communication practice is enough to prepare well for the process

Interview experience:
The interview was smooth and mostly focused on my introduction and projects. I was asked to explain my projects, followed by some basic technical questions on databases, including differences between databases and how data is stored.
The interviewer also asked about my preferred subject, and based on that, I was asked questions on C++ and OOP concepts like polymorphism, including explaining it in a very simple way.
There were a few behavioral questions towards the end, and overall the interview was comfortable and went well.

Important topics:
The company mainly expects candidates to have a good understanding of basic computer science fundamentals like OOPs, DBMS, Operating Systems, and Computer Networks.
More than deep technical knowledge, the focus is on clear understanding of concepts, problem-solving ability, and basic coding skills. Candidates should also be comfortable with SQL and simple programming logic.
Overall, having strong fundamentals, the ability to explain concepts clearly, and a practical understanding of projects is important.

Preparation started:
I started preparing for internships in my 3rd semester. I mainly focused on improving my problem-solving skills through regular coding practice and gradually started working on projects to gain practical development experience.

Resources:
For preparation, I mainly relied on online resources. I practiced coding on platforms like Codeforces and LeetCode to improve my problem-solving skills.
For SQL, I focused on directly practicing queries to strengthen my understanding. I also used YouTube and online articles to revise core subjects like DBMS, OOPs, and Operating Systems.
For project development, I referred to official documentation and online tutorials whenever needed.
I did not use any specific offline resources and mostly focused on online learning.

Last-minute preparation:
Revise core concepts and projects, align your CV with the role, practice a few coding/SQL questions, and focus on clear communication and confidence.

Advice for juniors:
I would suggest starting competitive programming early, as it helps build strong problem-solving skills and improves logical thinking, which is very important for placements.
Along with that, try to build a few good projects to understand real-world development and strengthen your practical knowledge.
Also, stay consistent with your preparation and focus on clear understanding of basics rather than rushing into too many topics."
I027,Internship,Electronics and Communication Engineering,Siemens EDA,Not yet Specified,50k/month,Provided Seperately,6,"CGPA - 9.61

I have also worked as a Undergraduate Teaching Assistant for the Operating Systems Lab during my 5th Semester.

My Projects include:
RTL-to-GDSII Flow -
Implementing the complete ASIC design flow for a 4-bit full adder using Synopsys tools, covering stages from simulation and synthesis to floorplanning and layout. This project helped me understand how digital designs are converted into physical chips.

Asynchronous FIFO Design -
Designed a parameterized FIFO in Verilog to safely transfer data between different clock domains. Learned concepts like clock domain crossing and metastability handling.

UART-based Communication System with RAM -
Built a configurable UART module and interfaced it with on-chip memory on FPGA to enable communication with a computer. This gave hands-on experience with real hardware communication systems.

Other Projects -
Worked on smaller designs like a basic processor, PWM signal generator, pseudo-random number generator (LFSR), and digital clock using FPGA.

Technical Skills:
Languages: Verilog, C, Python, Assembly (8085/8086, ARM)
Tools: Xilinx Vivado, Synopsys (VCS, Design Compiler, IC Compiler II), Cadence Virtuoso
Concepts: Digital Design, FPGA Development, Computer Architecture, Basic VLSI Design Flow
Other: Linux, basic scripting, debugging (GDB)","I started working with verilog in general from the 3rd semester when it was introduced to us in the Digital Logic Design Course, after that due to my curiosity of it, i started learning it in detail, during the semester and continued with that during further semesters. 

One of my First Projects was the UART (Universal Asynchronous Receiver Transmitter), which was one of the fundamental serial communication protocols used generally, and easy to implement too. I started working on it during the 3rd Semester itself, and continued modifying and improving on it iteratively.

About choosing projects, i would say that ChatGPT was great help, because it is entirely up to your imagination that what you want your design to do, it may be a communication protocol, a DSP System, or something entirely else. Because of this ChatGPT helped in suggesting various interesting things one could do, and based on your own curiosity, one can follow whatever they want.

Next i wanted to Learn about concepts such as CDC (Clock Domain Crossing) and Metastability so i chose the Asynchronous FIFO, i started working on it during the 5th semester.

Another thing i wanted to learn during the 5th Semester was the RTL-to-GDSII flow, which i learned through Synopsys Tools. This was a great experience because it involved learning EDA tools and workflows which can prove to be helpful in the future as the same tools are used in the Industry

While all of my Projects were based on Verilog or Digital Concepts, projects in the analog domain using Cadence Virtuoso are also an option for those interested in the analog domain.","CSE: 7.5, 8.0
ECE: 7.5, 8.0
Electrical: 7.5, 8.0","Online Assessment (OA) - 1hr 30min OA 
Interviews - Only a Technical Round was Conducted","It consisted of a total of 15 MCQs (5 Aptitude + 5 Verilog + 5 programming based (OOPs Based) ) + 1 Programming Problem (3 sets, 3 people can thus receive different questions)","To prepare for the test, you just need to revise digital logic concepts + verilog concepts. The programming based MCQs were based on OOPs concepts. I had mainly focused on revising my concepts and did some GATE PYQs before the test. I had also read some aptitude concepts, as aptitude problems just require you to know the concept behind the question, the questions themselves were not very hard.","The Interview mainly focused on the basics of digital logic design (Such as Flip-flops vs Registers) , and Static Timing Analysis concepts for the same such as Metastability, Setup Time, Hold Time etc which are basic questions for the subject. It also involved writing some verilog code on the spot, particularly Sequence Detectors were a must. Some Aptitude questions were also asked.

One important thing i noticed that nothing out of the ordinary was asked but it was expected for me to have strong fundamentals in the subject, and be able to back my points with proper theory if asked.","The Main Subjects and Topics that the company focused on were Digital Logic, Finite State Machines (Particularly State Diagrams), Verilog etc. While this was particularly asked of me, other candidates had a different experience and encountered questions related to C/C++ programming too, depending on the role preference they had chosen while filling the Company Specific google form.","It was during the start of the 5th Semester that I really started preparing for internships. But the preparation involved revision, as the concepts for the same were built earlier durign previous semesters.","For starting my journey a online source which helped me a lot was a website called HDLBits, it walked me through the basics of verilog to concepts such as counters, registers etc. It is a great starting point to anyone wanting to learn verilog. For learning Digital Logic, I had also referred to the book by Morris Mano. GATE PYQs were also a great bank of questions to practice from","Regarding change to CV: It is important to change your CV according to the company as, sometimes adding unnecessary details can become a burden for you during the interview, as you have to take account of everything you have mentioned in the Resume. Instead trimming down details not related to the role, and adding skills which relate the role are a crucial step as this helps in aligning your preparation to what the company expects of you

Last minute revision should be exactly that, just revision, panic reading new things may lead to forgetting things at the time of the interview. Your main focus should be on your Resume, you should have a thorough understanding of whatever you have mentioned in your resume, and also going through the Job Description can really help in finding out some topics that you may be questioned upon. 

For tests, particularly for Core ECE roles, tests mainly involve questions regarding digital electronics + analog electronics, and Circuits & Networks. Though it depends on the role that the test is for, if it is for analog role, you may be asked to solve some circuits in the OA, and for Digital Roles, you may be asked on Verilog or Digital Electronics Concepts, while in some cases you may be asked both.","If you are preparing for Core ECE roles, you need to be clear in your basic concepts such as Analog Electronics (Like BJTs, MOSFETs, Opamps) , Digital Electronics etc. The Companies don't expect you to have any extraordinary knowledge but a strong foundation of the basic subjects you study throughout your B.Tech in ECE, and whatever you have mentioned in your resume .(You are expected to atleast have a basic idea of all the subjects you have studied up-to now, may it be Communications, Digital, Analog Electronics or any other subjects). 

Another important thing just as important as your knowledge would be the ability to communicate your point to the Interviewer. Even if you have good knowledge of the subject, you should also have the communication skills to be able to express that precisely to the interviewer. A great way to practice this would be to explain concepts to your friends, that has really helped me in improving my explaining ability.","Experience type:
Internship

Branch:
Electronics and Communication Engineering

Company:
Siemens EDA

Role:
Not yet Specified

Compensation:
50k/month

Job description:
Provided Seperately

Students recruited:
6

Academic profile:
CGPA - 9.61

I have also worked as a Undergraduate Teaching Assistant for the Operating Systems Lab during my 5th Semester.

My Projects include:
RTL-to-GDSII Flow -
Implementing the complete ASIC design flow for a 4-bit full adder using Synopsys tools, covering stages from simulation and synthesis to floorplanning and layout. This project helped me understand how digital designs are converted into physical chips.

Asynchronous FIFO Design -
Designed a parameterized FIFO in Verilog to safely transfer data between different clock domains. Learned concepts like clock domain crossing and metastability handling.

UART-based Communication System with RAM -
Built a configurable UART module and interfaced it with on-chip memory on FPGA to enable communication with a computer. This gave hands-on experience with real hardware communication systems.

Other Projects -
Worked on smaller designs like a basic processor, PWM signal generator, pseudo-random number generator (LFSR), and digital clock using FPGA.

Technical Skills:
Languages: Verilog, C, Python, Assembly (8085/8086, ARM)
Tools: Xilinx Vivado, Synopsys (VCS, Design Compiler, IC Compiler II), Cadence Virtuoso
Concepts: Digital Design, FPGA Development, Computer Architecture, Basic VLSI Design Flow
Other: Linux, basic scripting, debugging (GDB)

Projects:
I started working with verilog in general from the 3rd semester when it was introduced to us in the Digital Logic Design Course, after that due to my curiosity of it, i started learning it in detail, during the semester and continued with that during further semesters. 

One of my First Projects was the UART (Universal Asynchronous Receiver Transmitter), which was one of the fundamental serial communication protocols used generally, and easy to implement too. I started working on it during the 3rd Semester itself, and continued modifying and improving on it iteratively.

About choosing projects, i would say that ChatGPT was great help, because it is entirely up to your imagination that what you want your design to do, it may be a communication protocol, a DSP System, or something entirely else. Because of this ChatGPT helped in suggesting various interesting things one could do, and based on your own curiosity, one can follow whatever they want.

Next i wanted to Learn about concepts such as CDC (Clock Domain Crossing) and Metastability so i chose the Asynchronous FIFO, i started working on it during the 5th semester.

Another thing i wanted to learn during the 5th Semester was the RTL-to-GDSII flow, which i learned through Synopsys Tools. This was a great experience because it involved learning EDA tools and workflows which can prove to be helpful in the future as the same tools are used in the Industry

While all of my Projects were based on Verilog or Digital Concepts, projects in the analog domain using Cadence Virtuoso are also an option for those interested in the analog domain.

Eligibility:
CSE: 7.5, 8.0
ECE: 7.5, 8.0
Electrical: 7.5, 8.0

Selection procedure:
Online Assessment (OA) - 1hr 30min OA 
Interviews - Only a Technical Round was Conducted

Test description:
It consisted of a total of 15 MCQs (5 Aptitude + 5 Verilog + 5 programming based (OOPs Based) ) + 1 Programming Problem (3 sets, 3 people can thus receive different questions)

Test preparation:
To prepare for the test, you just need to revise digital logic concepts + verilog concepts. The programming based MCQs were based on OOPs concepts. I had mainly focused on revising my concepts and did some GATE PYQs before the test. I had also read some aptitude concepts, as aptitude problems just require you to know the concept behind the question, the questions themselves were not very hard.

Interview experience:
The Interview mainly focused on the basics of digital logic design (Such as Flip-flops vs Registers) , and Static Timing Analysis concepts for the same such as Metastability, Setup Time, Hold Time etc which are basic questions for the subject. It also involved writing some verilog code on the spot, particularly Sequence Detectors were a must. Some Aptitude questions were also asked.

One important thing i noticed that nothing out of the ordinary was asked but it was expected for me to have strong fundamentals in the subject, and be able to back my points with proper theory if asked.

Important topics:
The Main Subjects and Topics that the company focused on were Digital Logic, Finite State Machines (Particularly State Diagrams), Verilog etc. While this was particularly asked of me, other candidates had a different experience and encountered questions related to C/C++ programming too, depending on the role preference they had chosen while filling the Company Specific google form.

Preparation started:
It was during the start of the 5th Semester that I really started preparing for internships. But the preparation involved revision, as the concepts for the same were built earlier durign previous semesters.

Resources:
For starting my journey a online source which helped me a lot was a website called HDLBits, it walked me through the basics of verilog to concepts such as counters, registers etc. It is a great starting point to anyone wanting to learn verilog. For learning Digital Logic, I had also referred to the book by Morris Mano. GATE PYQs were also a great bank of questions to practice from

Last-minute preparation:
Regarding change to CV: It is important to change your CV according to the company as, sometimes adding unnecessary details can become a burden for you during the interview, as you have to take account of everything you have mentioned in the Resume. Instead trimming down details not related to the role, and adding skills which relate the role are a crucial step as this helps in aligning your preparation to what the company expects of you

Last minute revision should be exactly that, just revision, panic reading new things may lead to forgetting things at the time of the interview. Your main focus should be on your Resume, you should have a thorough understanding of whatever you have mentioned in your resume, and also going through the Job Description can really help in finding out some topics that you may be questioned upon. 

For tests, particularly for Core ECE roles, tests mainly involve questions regarding digital electronics + analog electronics, and Circuits & Networks. Though it depends on the role that the test is for, if it is for analog role, you may be asked to solve some circuits in the OA, and for Digital Roles, you may be asked on Verilog or Digital Electronics Concepts, while in some cases you may be asked both.

Advice for juniors:
If you are preparing for Core ECE roles, you need to be clear in your basic concepts such as Analog Electronics (Like BJTs, MOSFETs, Opamps) , Digital Electronics etc. The Companies don't expect you to have any extraordinary knowledge but a strong foundation of the basic subjects you study throughout your B.Tech in ECE, and whatever you have mentioned in your resume .(You are expected to atleast have a basic idea of all the subjects you have studied up-to now, may it be Communications, Digital, Analog Electronics or any other subjects). 

Another important thing just as important as your knowledge would be the ability to communicate your point to the Interviewer. Even if you have good knowledge of the subject, you should also have the communication skills to be able to express that precisely to the interviewer. A great way to practice this would be to explain concepts to your friends, that has really helped me in improving my explaining ability."
I028,Internship,Computer Science and Engineering,Amazon,Software Developer Intern,"1,10,000",Software Developer Intern,14,"I am currently pursuing my B.Tech, maintaining a CGPA of 9.00 . Alongside academics, I have focused heavily on building practical skills through projects and hands-on development.

I have prior experience working on full-stack applications using the MERN stack. Some of my key projects include a Resume Builder, a Voting System, and a Book Recommendation System. These projects involved designing responsive user interfaces using React and Tailwind CSS, developing backend APIs with Node.js and Express, and managing data with MongoDB. Through these, I gained strong experience in authentication, REST APIs, and scalable application design.

Recently, I have also started expanding my skill set toward Java and Spring Boot to align with industry requirements for backend development roles.

In addition to projects, I have practiced Data Structures and Algorithms regularly, solving problems on platforms like LeetCode, which has strengthened my problem-solving and analytical thinking.","I have worked on multiple full-stack projects such as a Resume Builder, Voting System, and Book Recommendation System. I usually choose my projects based on real-world problems and practical use cases rather than just following tutorials.

For example, I started working on the Resume Builder when I realized that many students struggle to create ATS-friendly resumes. I wanted to build something that could genuinely help users while also improving my frontend and design skills. Similarly, I built the Voting System to understand how secure authentication, role-based access, and real-time updates work in a real-world application. The Book Recommendation System was driven by my interest in implementing logic-based recommendations and improving user experience.

I started building these projects during my learning phase as a MERN stack developer(in my second year), gradually increasing the complexity of each project as I gained more confidence. Each project was an opportunity to learn new concepts like authentication, API design, database structuring, and scalable application development.

Overall, my approach has been to learn by building, choosing projects that challenge me and add real value to users.","CSE: 6.5
ECE: 6.5
Electrical: 6.5","there were 3 rounds in total , first being the online assessment round then a technical in person interview round and a HR round also in person.",IN OA -> 2 dsa questions were asked (medium difficulty) and some behavioral questions,"I prepared by consistently practicing Data Structures and Algorithms on platforms like LeetCode, CodeChef and codeforces, focusing on important topics such as arrays, strings, and graphs. I also revised core subjects like OOPs, DBMS, and OS. Additionally, I practiced solving problems under time constraints and made sure I had a strong understanding of my projects for interviews.","in interview 1 -> project discussion + 2 dsa questions and they also made us write code on paper
in interview 2 -> porject discussion + 1 dsa question + behavioral questions + GenAI",excellent in problem solving and analytical skills and knowledge about databases and GenAI,from my 3rd semester,"I primarily used online platforms like LeetCode for practicing Data Structures and Algorithms, along with GeeksforGeeks for concept clarity and interview preparation. I also referred to YouTube tutorials and online courses to strengthen my understanding of core subjects like OOPs, DBMS, and OS.","For last-minute preparation, I focused on revising key Data Structures and Algorithms patterns rather than learning new topics. I went through previously solved problems, common interview questions, and important concepts from OOPs, DBMS, and OS.

I also made sure to tailor my CV according to the company by highlighting relevant skills, projects, and keywords from the job description. I revised all my projects thoroughly so I could confidently explain my approach, design decisions, and challenges.

Additionally, I practiced a few timed problems to stay in the flow and focused on maintaining clarity of thought, good communication, and a calm approach during the interview.",just stay consistent throughout your journey and things will playout right for you,"Experience type:
Internship

Branch:
Computer Science and Engineering

Company:
Amazon

Role:
Software Developer Intern

Compensation:
1,10,000

Job description:
Software Developer Intern

Students recruited:
14

Academic profile:
I am currently pursuing my B.Tech, maintaining a CGPA of 9.00 . Alongside academics, I have focused heavily on building practical skills through projects and hands-on development.

I have prior experience working on full-stack applications using the MERN stack. Some of my key projects include a Resume Builder, a Voting System, and a Book Recommendation System. These projects involved designing responsive user interfaces using React and Tailwind CSS, developing backend APIs with Node.js and Express, and managing data with MongoDB. Through these, I gained strong experience in authentication, REST APIs, and scalable application design.

Recently, I have also started expanding my skill set toward Java and Spring Boot to align with industry requirements for backend development roles.

In addition to projects, I have practiced Data Structures and Algorithms regularly, solving problems on platforms like LeetCode, which has strengthened my problem-solving and analytical thinking.

Projects:
I have worked on multiple full-stack projects such as a Resume Builder, Voting System, and Book Recommendation System. I usually choose my projects based on real-world problems and practical use cases rather than just following tutorials.

For example, I started working on the Resume Builder when I realized that many students struggle to create ATS-friendly resumes. I wanted to build something that could genuinely help users while also improving my frontend and design skills. Similarly, I built the Voting System to understand how secure authentication, role-based access, and real-time updates work in a real-world application. The Book Recommendation System was driven by my interest in implementing logic-based recommendations and improving user experience.

I started building these projects during my learning phase as a MERN stack developer(in my second year), gradually increasing the complexity of each project as I gained more confidence. Each project was an opportunity to learn new concepts like authentication, API design, database structuring, and scalable application development.

Overall, my approach has been to learn by building, choosing projects that challenge me and add real value to users.

Eligibility:
CSE: 6.5
ECE: 6.5
Electrical: 6.5

Selection procedure:
there were 3 rounds in total , first being the online assessment round then a technical in person interview round and a HR round also in person.

Test description:
IN OA -> 2 dsa questions were asked (medium difficulty) and some behavioral questions

Test preparation:
I prepared by consistently practicing Data Structures and Algorithms on platforms like LeetCode, CodeChef and codeforces, focusing on important topics such as arrays, strings, and graphs. I also revised core subjects like OOPs, DBMS, and OS. Additionally, I practiced solving problems under time constraints and made sure I had a strong understanding of my projects for interviews.

Interview experience:
in interview 1 -> project discussion + 2 dsa questions and they also made us write code on paper
in interview 2 -> porject discussion + 1 dsa question + behavioral questions + GenAI

Important topics:
excellent in problem solving and analytical skills and knowledge about databases and GenAI

Preparation started:
from my 3rd semester

Resources:
I primarily used online platforms like LeetCode for practicing Data Structures and Algorithms, along with GeeksforGeeks for concept clarity and interview preparation. I also referred to YouTube tutorials and online courses to strengthen my understanding of core subjects like OOPs, DBMS, and OS.

Last-minute preparation:
For last-minute preparation, I focused on revising key Data Structures and Algorithms patterns rather than learning new topics. I went through previously solved problems, common interview questions, and important concepts from OOPs, DBMS, and OS.

I also made sure to tailor my CV according to the company by highlighting relevant skills, projects, and keywords from the job description. I revised all my projects thoroughly so I could confidently explain my approach, design decisions, and challenges.

Additionally, I practiced a few timed problems to stay in the flow and focused on maintaining clarity of thought, good communication, and a calm approach during the interview.

Advice for juniors:
just stay consistent throughout your journey and things will playout right for you"
